outfpr,outffl,outfnm,outfdo
"pH_carb   ","dDumphcarb",   1,"x"
"Emersion  ","dDumEmersi",   1,"x"
"HeatBal   ","dTempHtfl ",   1,"x"
"HeatBal2  ","dTempHtfl2",   1,"x"
"SelfCool  ","dModtemp  ",   1,"x"
"Temperatur","dModtemp  ",   1,"x"
"VarSal    ","dDumVarSal",   1,"x"
"ResTim    ","dDumResTim",   1,"x"
"VertDisp  ","dDumVerDis",   1,"x"
"HorzDisper","dDumHorDis",   1,"x"
"HDisperVel","dDumHorDiV",   1,"x"
"HDisperAdd","dDumHorDiA",   1,"x"
"Age1      ","dDecTR1   ",   1,"x"
"Age2      ","dDecTR2   ",   1,"x"
"Age3      ","dDecTR3   ",   1,"x"
"Age4      ","dDecTR4   ",   1,"x"
"Age5      ","dDecTR5   ",   1,"x"
"MACDIS01  ","dDumSM01  ",   1,"x"
"MACDIS02  ","dDumSM02  ",   1,"x"
"MACDIS03  ","dDumSM03  ",   1,"x"
"MACDIS04  ","dDumSM04  ",   1,"x"
"MACDIS05  ","dDumSM05  ",   1,"x"
"pH_simp   ","dDumphsimp",   1,"x"
"SpecCarb  ","dDumspcarb",   1,"x"
"EffMBlo_P ","dDumeffblo",   1,"x"
"EffABlo_P ","dEffTAlg  ",   1,"x"
"EffABlo   ","dEffTALG01",   1,"x"
"EffABlo   ","dEffTALG02",   2,"x"
"EffABlo   ","dEffTALG03",   3,"x"
"EffABlo   ","dEffTALG04",   4,"x"
"EffABlo   ","dEffTALG05",   5,"x"
"EffABlo   ","dEffTALG06",   6,"x"
"EffABlo   ","dEffTALG07",   7,"x"
"EffABlo   ","dEffTALG08",   8,"x"
"EffABlo   ","dEffTALG09",   9,"x"
"EffABlo   ","dEffTALG10",  10,"x"
"EffABlo   ","dEffTALG11",  11,"x"
"EffABlo   ","dEffTALG12",  12,"x"
"EffABlo   ","dEffTALG13",  13,"x"
"EffABlo   ","dEffTALG14",  14,"x"
"EffABlo   ","dEffTALG15",  15,"x"
"EffABlo   ","dEffTALG16",  16,"x"
"EffABlo   ","dEffTALG17",  17,"x"
"EffABlo   ","dEffTALG18",  18,"x"
"EffABlo   ","dEffTALG19",  19,"x"
"EffABlo   ","dEffTALG20",  20,"x"
"EffABlo   ","dEffTALG21",  21,"x"
"EffABlo   ","dEffTALG22",  22,"x"
"EffABlo   ","dEffTALG23",  23,"x"
"EffABlo   ","dEffTALG24",  24,"x"
"EffABlo   ","dEffTALG25",  25,"x"
"EffABlo   ","dEffTALG26",  26,"x"
"EffABlo   ","dEffTALG27",  27,"x"
"EffABlo   ","dEffTALG28",  28,"x"
"EffABlo   ","dEffTALG29",  29,"x"
"EffABlo   ","dEffTALG30",  30,"x"
"BLOOM_P   ","dCaut     ",   1,"x"
"BLOOM_P   ","dNaut     ",   2,"x"
"BLOOM_P   ","dPaut     ",   3,"x"
"BLOOM_P   ","dSIaut    ",   4,"x"
"BLOOM_P   ","dDetCMort ",   5,"x"
"BLOOM_P   ","dDetNMort ",   6,"x"
"BLOOM_P   ","dDetPMort ",   7,"x"
"BLOOM_P   ","dDetSiMort",   8,"x"
"BLOOM_P   ","dOOCMort  ",   9,"x"
"BLOOM_P   ","dOONMort  ",  10,"x"
"BLOOM_P   ","dOOPMort  ",  11,"x"
"BLOOM_P   ","dOOSiMort ",  12,"x"
"BLOOM_P   ","dCUpt     ",  13,"x"
"BLOOM_P   ","dNH4Upt   ",  14,"x"
"BLOOM_P   ","dNO3Upt   ",  15,"x"
"BLOOM_P   ","dPO4Upt   ",  16,"x"
"BLOOM_P   ","dSIUpt    ",  17,"x"
"BLOOM_P   ","dDetNUpt  ",  18,"x"
"BLOOM_P   ","dDetPUpt  ",  19,"x"
"BLOOM_P   ","dFixNUpt  ",  20,"x"
"BLOOM_P   ","dDetCUpt  ",  21,"x"
"BLOOM_P   ","dPrProdOxy",  22,"x"
"BLOOM_P   ","dProdAlg  ",  23,"x"
"BLOOM_P   ","dMortAlg  ",  24,"x"
"BLOOM     ","dCaut     ",   1," "
"BLOOM     ","dNaut     ",   2," "
"BLOOM     ","dPaut     ",   3," "
"BLOOM     ","dSIaut    ",   4," "
"BLOOM     ","dDetCMort ",   5," "
"BLOOM     ","dDetNMort ",   6," "
"BLOOM     ","dDetPMort ",   7," "
"BLOOM     ","dDetSiMort",   8," "
"BLOOM     ","dOOCMort  ",   9," "
"BLOOM     ","dOONMort  ",  10," "
"BLOOM     ","dOOPMort  ",  11," "
"BLOOM     ","dOOSiMort ",  12," "
"BLOOM     ","dCUpt     ",  13," "
"BLOOM     ","dNH4Upt   ",  14," "
"BLOOM     ","dNO3Upt   ",  15," "
"BLOOM     ","dPO4Upt   ",  16," "
"BLOOM     ","dSIUpt    ",  17," "
"BLOOM     ","dDetNUpt  ",  18," "
"BLOOM     ","dDetPUpt  ",  19," "
"BLOOM     ","dFixNUpt  ",  20," "
"BLOOM     ","dDetCUpt  ",  21," "
"BLOOM     ","dPrProdOxy",  22," "
"BLOOM     ","dProdAlg01",  23," "
"BLOOM     ","dProdAlg02",  24," "
"BLOOM     ","dProdAlg03",  25," "
"BLOOM     ","dProdAlg04",  26," "
"BLOOM     ","dProdAlg05",  27," "
"BLOOM     ","dProdAlg06",  28," "
"BLOOM     ","dProdAlg07",  29," "
"BLOOM     ","dProdAlg08",  30," "
"BLOOM     ","dProdAlg09",  31," "
"BLOOM     ","dProdAlg10",  32," "
"BLOOM     ","dProdAlg11",  33," "
"BLOOM     ","dProdAlg12",  34," "
"BLOOM     ","dProdAlg13",  35," "
"BLOOM     ","dProdAlg14",  36," "
"BLOOM     ","dProdAlg15",  37," "
"BLOOM     ","dProdAlg16",  38," "
"BLOOM     ","dProdAlg17",  39," "
"BLOOM     ","dProdAlg18",  40," "
"BLOOM     ","dProdAlg19",  41," "
"BLOOM     ","dProdAlg20",  42," "
"BLOOM     ","dProdAlg21",  43," "
"BLOOM     ","dProdAlg22",  44," "
"BLOOM     ","dProdAlg23",  45," "
"BLOOM     ","dProdAlg24",  46," "
"BLOOM     ","dProdAlg25",  47," "
"BLOOM     ","dProdAlg26",  48," "
"BLOOM     ","dProdAlg27",  49," "
"BLOOM     ","dProdAlg28",  50," "
"BLOOM     ","dProdAlg29",  51," "
"BLOOM     ","dProdAlg30",  52," "
"BLOOM     ","dMortAlg01",  53," "
"BLOOM     ","dMortAlg02",  54," "
"BLOOM     ","dMortAlg03",  55," "
"BLOOM     ","dMortAlg04",  56," "
"BLOOM     ","dMortAlg05",  57," "
"BLOOM     ","dMortAlg06",  58," "
"BLOOM     ","dMortAlg07",  59," "
"BLOOM     ","dMortAlg08",  60," "
"BLOOM     ","dMortAlg09",  61," "
"BLOOM     ","dMortAlg10",  62," "
"BLOOM     ","dMortAlg11",  63," "
"BLOOM     ","dMortAlg12",  64," "
"BLOOM     ","dMortAlg13",  65," "
"BLOOM     ","dMortAlg14",  66," "
"BLOOM     ","dMortAlg15",  67," "
"BLOOM     ","dMortAlg16",  68," "
"BLOOM     ","dMortAlg17",  69," "
"BLOOM     ","dMortAlg18",  70," "
"BLOOM     ","dMortAlg19",  71," "
"BLOOM     ","dMortAlg20",  72," "
"BLOOM     ","dMortAlg21",  73," "
"BLOOM     ","dMortAlg22",  74," "
"BLOOM     ","dMortAlg23",  75," "
"BLOOM     ","dMortAlg24",  76," "
"BLOOM     ","dMortAlg25",  77," "
"BLOOM     ","dMortAlg26",  78," "
"BLOOM     ","dMortAlg27",  79," "
"BLOOM     ","dMortAlg28",  80," "
"BLOOM     ","dMortAlg29",  81," "
"BLOOM     ","dMortAlg30",  82," "
"Phy_Blo_P ","dDumphyblo",   1,"x"
"MakOOC    ","dDumMak   ",   1,"x"
"MakOOCS1  ","dDumS1Mak ",   1,"x"
"MakOOCS2  ","dDumS2Mak ",   1,"x"
"S1_Comp   ","dDumS1Comp",   1,"x"
"S2_Comp   ","dDumS2Comp",   1,"x"
"Compos    ","dDumCompos",   1,"x"
"EColiMrt  ","dMrtEColi ",   1,"x"
"FColiMrt  ","dMrtFColi ",   1,"x"
"TColiMrt  ","dMrtTColi ",   1,"x"
"EnCocMrt  ","dMrtEnCoc ",   1,"x"
"RearCO2   ","dREARCO2  ",   1,"x"
"AdsPO4AAP ","dAdsPO4AAP",   1,"x"
"DenSed_NO3","dDenitSed ",   1,"x"
"DenWat_NO3","dDenitWat ",   1,"x"
"Nitrif_NH4","dNitrif   ",   1,"x"
"RearOXY   ","dREAROXY  ",   1,"x"
"VAROXY    ","dCUptVar  ",   1,"x"
"BMS1_DetC ","dMinDetCS1",   1,"x"
"BMS1_DetC ","dSWMinDCS1",   2,"x"
"BMS2_DetC ","dMinDetCS2",   1,"x"
"BMS2_DetC ","dSWMinDCS2",   2,"x"
"BMS1_DetN ","dMinDetNS1",   1,"x"
"BMS1_DetN ","dSWMinDNS1",   2,"x"
"BMS2_DetN ","dMinDetNS2",   1,"x"
"BMS2_DetN ","dSWMinDNS2",   2,"x"
"BMS1_DetP ","dMinDetPS1",   1,"x"
"BMS1_DetP ","dSWMinDPS1",   2,"x"
"BMS2_DetP ","dMinDetPS2",   1,"x"
"BMS2_DetP ","dSWMinDPS2",   2,"x"
"BMS1_DetSi","dMinDetSiS",   1,"x"
"BMS1_DetSi","dSWMinDSS1",   2,"x"
"BMS2_DetSi","dMinDetSS2",   1,"x"
"BMS2_DetSi","dSWMinDSS2",   2,"x"
"BMS1_OOC  ","dMinOOCS1 ",   1,"x"
"BMS1_OOC  ","dSWMnOOCS1",   2,"x"
"BMS2_OOC  ","dMinOOCS2 ",   1,"x"
"BMS2_OOC  ","dSWMnOOCS2",   2,"x"
"BMS1_OON  ","dMinOONS1 ",   1,"x"
"BMS1_OON  ","dSWMnOONS1",   2,"x"
"BMS2_OON  ","dMinOONS2 ",   1,"x"
"BMS2_OON  ","dSWMnOONS2",   2,"x"
"BMS1_OOP  ","dMinOOPS1 ",   1,"x"
"BMS1_OOP  ","dSWMnOOPS1",   2,"x"
"BMS2_OOP  ","dMinOOPS2 ",   1,"x"
"BMS2_OOP  ","dSWMnOOPS2",   2,"x"
"BMS1_OOSi ","dMinOOSiS1",   1,"x"
"BMS1_OOSi ","dSWMnOOSS1",   2,"x"
"BMS2_OOSi ","dMinOOSiS2",   1,"x"
"BMS2_OOSi ","dSWMnOOSS2",   2,"x"
"Deso_AAPS1","dDesoAAPS1",   1,"x"
"Deso_AAPS1","dSWDeAAPS1",   2,"x"
"Deso_AAPS2","dDesoAAPS2",   1,"x"
"Deso_AAPS2","dSWDeAAPS2",   2,"x"
"BODCOD    ","dCBOD5    ",   1,"x"
"BODCOD    ","dCBOD5_2  ",   2,"x"
"BODCOD    ","dCBODu    ",   3,"x"
"BODCOD    ","dCBODu_2  ",   4,"x"
"BODCOD    ","dNBOD5    ",   5,"x"
"BODCOD    ","dNBODu    ",   6,"x"
"BODCOD    ","dCOD_Cr   ",   7,"x"
"BODCOD    ","dCOD_Mn   ",   8,"x"
"BODCOD    ","dOxyBODCOD",   9,"x"
"DBOD_TEWOR","dCBOD5T   ",   1,"x"
"DBOD_TEWOR","dCBOD5_2T ",   2,"x"
"DBOD_TEWOR","dCBOD5_3T ",   3,"x"
"DBOD_TEWOR","dCBODOXYT ",   4,"x"
"DecFast   ","dCnvPPOC1 ",   1,"x"
"DecFast   ","dCnvPPON1 ",   2,"x"
"DecFast   ","dCnvPPOP1 ",   3,"x"
"DecFast   ","dCnvPPOS1 ",   4,"x"
"DecFast   ","dCnvDPOC1 ",   5,"x"
"DecFast   ","dCnvDPON1 ",   6,"x"
"DecFast   ","dCnvDPOP1 ",   7,"x"
"DecFast   ","dCnvDPOS1 ",   8,"x"
"DecFast   ","dMinPOC1G ",   9,"x"
"DecFast   ","dMinPON1  ",  10,"x"
"DecFast   ","dMinPOP1  ",  11,"x"
"DecFast   ","dMinPOS1  ",  12,"x"
"DecMedium ","dCnvPPOC2 ",   1,"x"
"DecMedium ","dCnvPPON2 ",   2,"x"
"DecMedium ","dCnvPPOP2 ",   3,"x"
"DecMedium ","dCnvPPOS2 ",   4,"x"
"DecMedium ","dCnvDPOC2 ",   5,"x"
"DecMedium ","dCnvDPON2 ",   6,"x"
"DecMedium ","dCnvDPOP2 ",   7,"x"
"DecMedium ","dCnvDPOS2 ",   8,"x"
"DecMedium ","dMinPOC2G ",   9,"x"
"DecMedium ","dMinPON2  ",  10,"x"
"DecMedium ","dMinPOP2  ",  11,"x"
"DecMedium ","dMinPOS2  ",  12,"x"
"DecSlow   ","dCnvPPOC3 ",   1,"x"
"DecSlow   ","dCnvPPON3 ",   2,"x"
"DecSlow   ","dCnvPPOP3 ",   3,"x"
"DecSlow   ","dCnvPPOS3 ",   4,"x"
"DecSlow   ","dCnvDPOC3 ",   5,"x"
"DecSlow   ","dCnvDPON3 ",   6,"x"
"DecSlow   ","dCnvDPOP3 ",   7,"x"
"DecSlow   ","dCnvDPOS3 ",   8,"x"
"DecSlow   ","dMinPOC3G ",   9,"x"
"DecSlow   ","dMinPON3  ",  10,"x"
"DecSlow   ","dMinPOP3  ",  11,"x"
"DecSlow   ","dMinPOS3  ",  12,"x"
"DecRefr   ","dCnvPPOC4 ",   1,"x"
"DecRefr   ","dCnvPPON4 ",   2,"x"
"DecRefr   ","dCnvPPOP4 ",   3,"x"
"DecRefr   ","dCnvPPOS4 ",   4,"x"
"DecRefr   ","dCnvDPOC4 ",   5,"x"
"DecRefr   ","dCnvDPON4 ",   6,"x"
"DecRefr   ","dCnvDPOP4 ",   7,"x"
"DecRefr   ","dCnvDPOS4 ",   8,"x"
"DecRefr   ","dMinPOC4G ",   9,"x"
"DecRefr   ","dMinPON4  ",  10,"x"
"DecRefr   ","dMinPOP4  ",  11,"x"
"DecRefr   ","dMinPOS4  ",  12,"x"
"DecDOC    ","dCnvXDOC  ",   1,"x"
"DecDOC    ","dCnvXDON  ",   2,"x"
"DecDOC    ","dCnvXDOP  ",   3,"x"
"DecDOC    ","dCnvXDOS  ",   4,"x"
"DecDOC    ","dCnvYDOC  ",   5,"x"
"DecDOC    ","dCnvYDON  ",   6,"x"
"DecDOC    ","dCnvYDOP  ",   7,"x"
"DecDOC    ","dCnvYDOS  ",   8,"x"
"DecDOC    ","dMinDOCG  ",   9,"x"
"DecDOC    ","dMinDON   ",  10,"x"
"DecDOC    ","dMinDOP   ",  11,"x"
"DecDOC    ","dMinDOS   ",  12,"x"
"DecPOC5   ","dCnvPPOC5 ",   1,"x"
"DecPOC5   ","dCnvPPON5 ",   2,"x"
"DecPOC5   ","dCnvPPOP5 ",   3,"x"
"DecPOC5   ","dCnvPPOS5 ",   4,"x"
"DecPOC5   ","dCnvDPOC5 ",   5,"x"
"DecPOC5   ","dCnvDPON5 ",   6,"x"
"DecPOC5   ","dCnvDPOP5 ",   7,"x"
"DecPOC5   ","dCnvDPOS5 ",   8,"x"
"DecPOC5   ","dMinPOC5G ",   9,"x"
"DecPOC5   ","dMinPON5  ",  10,"x"
"DecPOC5   ","dMinPOP5  ",  11,"x"
"DecPOC5   ","dMinPOS5  ",  12,"x"
"DecPOC5   ","dMinPOC5e ",  13,"x"
"DecPOC5   ","dMinPOC5a ",  14,"x"
"Vivianit  ","dPrecipPO4",   1,"x"
"Vivianit  ","dDissolPO4",   2,"x"
"DisSi     ","dDissolSi ",   1,"x"
"SedOXYDem ","dSOD      ",   1,"x"
"SedOXYDem ","dOxSOD    ",   2,"x"
"GroMrt_Gre","dPPGreen  ",   1,"x"
"GroMrt_Gre","dMrtGreen ",   2,"x"
"GroMrt_Dia","dPPDiat   ",   1,"x"
"GroMrt_Dia","dMrtDiat  ",   2,"x"
"GroMrt_DS1","dPPDiatS1 ",   1,"x"
"GroMrt_DS1","dMrtDiatS1",   2,"x"
"GroMrt_DS1","dNH4UptS1 ",   3,"x"
"GroMrt_DS1","dNO3UptS1 ",   4,"x"
"GroMrt_DS1","dPO4UptS1 ",   5,"x"
"GroMrt_DS1","dSiUptS1  ",   6,"x"
"GroMrt_DS1","dNH4US1D  ",   7,"x"
"GroMrt_DS1","dPO4US1D  ",   8,"x"
"GroMrt_DS1","dSiUS1D   ",   9,"x"
"GroMrt_DS1","dNH4US1DSw",  10,"x"
"GroMrt_DS1","dPO4US1DSw",  11,"x"
"GroMrt_DS1","dSiUS1DSw ",  12,"x"
"PPrLim    ","dcPPGreen ",   1,"x"
"PPrLim    ","dcPPDiat  ",   2,"x"
"NutUpt_Alg","dNH4Upt   ",   1,"x"
"NutUpt_Alg","dNO3Upt   ",   2,"x"
"NutUpt_Alg","dPO4Upt   ",   3,"x"
"NutUpt_Alg","dSIUpt    ",   4,"x"
"NutRel_Alg","dMortDetC ",   1,"x"
"NutRel_Alg","dMortOOC  ",   2,"x"
"NutRel_Alg","dNH4Aut   ",   3,"x"
"NutRel_Alg","dMortDetN ",   4,"x"
"NutRel_Alg","dMortOON  ",   5,"x"
"NutRel_Alg","dPO4Aut   ",   6,"x"
"NutRel_Alg","dMortDetP ",   7,"x"
"NutRel_Alg","dMortOOP  ",   8,"x"
"NutRel_Alg","dSIaut    ",   9,"x"
"NutRel_Alg","dMortDetSi",  10,"x"
"NutRel_Alg","dMortOOSi ",  11,"x"
"NRAlg_S1  ","dMrtDetCS1",   1,"x"
"NRAlg_S1  ","dMrtOOCS1 ",   2,"x"
"NRAlg_S1  ","dNH4AUTS1 ",   3,"x"
"NRAlg_S1  ","dMrtDetNS1",   4,"x"
"NRAlg_S1  ","dMrtOONS1 ",   5,"x"
"NRAlg_S1  ","dPO4AUTS1 ",   6,"x"
"NRAlg_S1  ","dMrtDetPS1",   7,"x"
"NRAlg_S1  ","dMrtOOPS1 ",   8,"x"
"NRAlg_S1  ","dSiAUTS1  ",   9,"x"
"NRAlg_S1  ","dMrtDetSS1",  10,"x"
"NRAlg_S1  ","dMrtOOSS1 ",  11,"x"
"NRAlg_S1  ","dSWNH4AUTS",  12,"x"
"NRAlg_S1  ","dSWPO4AUTS",  13,"x"
"OXYMin    ","dDumOXYMin",   1,"x"
"CONSELAC  ","dOxCon    ",   1,"x"
"CONSELAC  ","dNiDen    ",   2,"x"
"CONSELAC  ","dFeRed    ",   3,"x"
"CONSELAC  ","dSuRed    ",   4,"x"
"CONSELAC  ","dMetGenCH4",   5,"x"
"CONSELAC  ","dMetGenCO2",   6,"x"
"EBULCH4   ","dMetEbul  ",   1,"x"
"VolatCH4  ","dVolCH4   ",   1,"x"
"OXIDSUD   ","dSUDox    ",   1,"x"
"PRECSUL   ","dSUDprec  ",   1,"x"
"PRECSUL   ","dSUDdis   ",   2,"x"
"OXIDCH4   ","dMethoxDO ",   1,"x"
"OXIDCH4   ","dMethoxSu ",   2,"x"
"IRONOX    ","dioo      ",   1,"x"
"IRONOX    ","dion      ",   2,"x"
"SULPHOX   ","dFeSox    ",   1,"x"
"SULPHOX   ","dFeS2ox   ",   2,"x"
"IRONRED   ","dire1     ",   1,"x"
"IRONRED   ","dire2     ",   2,"x"
"IRONRED   ","dire3     ",   3,"x"
"IRONRED   ","dire4     ",   4,"x"
"PRIRON    ","dpfe3     ",   1,"x"
"PRIRON    ","ddfe3     ",   2,"x"
"PRIRON    ","dafe3     ",   3,"x"
"PRIRON    ","dpfes     ",   4,"x"
"PRIRON    ","ddfes     ",   5,"x"
"PRIRON    ","dpfeco3   ",   6,"x"
"PRIRON    ","ddfeco3   ",   7,"x"
"PRIRON    ","dpyr      ",   8,"x"
"Res_Pickup","dRIM1S2Pup",   1,"x"
"Res_Pickup","dRIM2S2Pup",   2,"x"
"Res_Pickup","dRIM3S2Pup",   3,"x"
"Sed_IM1   ","dSedIM1   ",   1,"x"
"Sed_IM1   ","dSedIM1S2 ",   2," "
"Sed_IM2   ","dSedIM2   ",   1,"x"
"Sed_IM2   ","dSedIM2S2 ",   2," "
"Sed_IM3   ","dSedIM3   ",   1,"x"
"Sed_IM3   ","dSedIM3S2 ",   2," "
"SedDiat   ","dSedDiat  ",   1,"x"
"Sed_Gre   ","dSedGreen ",   1,"x"
"SEDALG    ","dSedAlg   ",   1,"x"
"SEDALG01  ","dSedAlg01 ",   1,"x"
"SEDALG02  ","dSedAlg02 ",   1,"x"
"SEDALG03  ","dSedAlg03 ",   1,"x"
"SEDALG04  ","dSedAlg04 ",   1,"x"
"SEDALG05  ","dSedAlg05 ",   1,"x"
"SEDALG06  ","dSedAlg06 ",   1,"x"
"SEDALG07  ","dSedAlg07 ",   1,"x"
"SEDALG08  ","dSedAlg08 ",   1,"x"
"SEDALG09  ","dSedAlg09 ",   1,"x"
"SEDALG10  ","dSedAlg10 ",   1,"x"
"SEDALG11  ","dSedAlg11 ",   1,"x"
"SEDALG12  ","dSedAlg12 ",   1,"x"
"SEDALG13  ","dSedAlg13 ",   1,"x"
"SEDALG14  ","dSedAlg14 ",   1,"x"
"SEDALG15  ","dSedAlg15 ",   1,"x"
"SEDALG16  ","dSedAlg16 ",   1,"x"
"SEDALG17  ","dSedAlg17 ",   1,"x"
"SEDALG18  ","dSedAlg18 ",   1,"x"
"SEDALG19  ","dSedAlg19 ",   1,"x"
"SEDALG20  ","dSedAlg20 ",   1,"x"
"SEDALG21  ","dSedAlg21 ",   1,"x"
"SEDALG22  ","dSedAlg22 ",   1,"x"
"SEDALG23  ","dSedAlg23 ",   1,"x"
"SEDALG24  ","dSedAlg24 ",   1,"x"
"SEDALG25  ","dSedAlg25 ",   1,"x"
"SEDALG26  ","dSedAlg26 ",   1,"x"
"SEDALG27  ","dSedAlg27 ",   1,"x"
"SEDALG28  ","dSedAlg28 ",   1,"x"
"SEDALG29  ","dSedAlg29 ",   1,"x"
"SEDALG30  ","dSedAlg30 ",   1,"x"
"S_CBOD51  ","dSedBOD5  ",   1,"x"
"S_CBOD52  ","dSedBOD5_2",   1,"x"
"S_CBOD53  ","dSedBOD5_3",   1,"x"
"S_CBODu1  ","dSedBODu  ",   1,"x"
"S_CBODu2  ","dSedBODu_2",   1,"x"
"S_CODCr   ","dSedCODCr ",   1,"x"
"S_CODMn   ","dSedCODMn ",   1,"x"
"S_NBOD5   ","dSedNBOD5 ",   1,"x"
"S_NBODu   ","dSedNBODu ",   1,"x"
"SED_SOD   ","dSedSOD   ",   1,"x"
"SedPhBlo_P","dSedPHYT  ",   1,"x"
"SedPhBlo_P","dSedAlgN  ",   2,"x"
"SedPhBlo_P","dSedAlgP  ",   3,"x"
"SedPhBlo_P","dSedAlgSi ",   4,"x"
"SedPhBlo  ","dSedPHYT  ",   1," "
"SedPhBlo  ","dSedAlgN  ",   2," "
"SedPhBlo  ","dSedAlgP  ",   3," "
"SedPhBlo  ","dSedAlgSi ",   4," "
"SedPhDyn  ","dSedPHYT  ",   1,"x"
"SedPhDyn  ","dSedAlgN  ",   2,"x"
"SedPhDyn  ","dSedAlgP  ",   3,"x"
"SedPhDyn  ","dSedAlgSi ",   4,"x"
"Sed_MPB1  ","dSedMPB1  ",   1,"x"
"Sed_MPB2  ","dSedMPB2  ",   1,"x"
"Sed_Opal  ","dSedOpal  ",   1,"x"
"Sed_POC1  ","dSedPOC1  ",   1,"x"
"Sed_POC2  ","dSedPOC2  ",   1,"x"
"Sed_POC3  ","dSedPOC3  ",   1,"x"
"Sed_POC4  ","dSedPOC4  ",   1,"x"
"Sed_VivP  ","dSedVIVP  ",   1,"x"
"Sed_ApatP ","dSedAPATP ",   1,"x"
"Sed_Fe3pa ","dSedFe3pa ",   1,"x"
"Sed_Fe3pc ","dSedFe3pc ",   1,"x"
"Sed_FeS   ","dSedFeS   ",   1,"x"
"Sed_FeS2  ","dSedFeS2  ",   1,"x"
"Sed_FeCO3 ","dSedFeCO3 ",   1,"x"
"SedNPOC1  ","dSedPON1  ",   1,"x"
"SedNPOC1  ","dSedPOP1  ",   2,"x"
"SedNPOC1  ","dSedPOS1  ",   3,"x"
"SedNPOC2  ","dSedPON2  ",   1,"x"
"SedNPOC2  ","dSedPOP2  ",   2,"x"
"SedNPOC2  ","dSedPOS2  ",   3,"x"
"SedNPOC3  ","dSedPON3  ",   1,"x"
"SedNPOC3  ","dSedPOP3  ",   2,"x"
"SedNPOC3  ","dSedPOS3  ",   3,"x"
"SedNPOC4  ","dSedPON4  ",   1,"x"
"SedNPOC4  ","dSedPOP4  ",   2,"x"
"SedNPOC4  ","dSedPOS4  ",   3,"x"
"Sed_AAP   ","dSedAAP   ",   1,"x"
"Sed_AAP   ","dSedAAPS2 ",   2," "
"Sed_CAAP  ","dSedCAAP  ",   1,"x"
"S12TraDetC","dResS1DetC",   1,"x"
"S12TraDetC","dResS2DetC",   2,"x"
"S12TraDetC","dBurS1DetC",   3,"x"
"S12TraDetC","dSWBuS1DtC",   4,"x"
"S12TraDetC","dBurS2DetC",   5,"x"
"S12TraDetC","dDigS1DetC",   6,"x"
"S12TraDetC","dDigS2DetC",   7,"x"
"S12TraDetN","dResS1DetN",   1,"x"
"S12TraDetN","dResS2DetN",   2,"x"
"S12TraDetN","dBurS1DetN",   3,"x"
"S12TraDetN","dSWBuS1DtN",   4,"x"
"S12TraDetN","dBurS2DetN",   5,"x"
"S12TraDetN","dDigS1DetN",   6,"x"
"S12TraDetN","dDigS2DetN",   7,"x"
"S12TraDetP","dResS1DetP",   1,"x"
"S12TraDetP","dResS2DetP",   2,"x"
"S12TraDetP","dBurS1DetP",   3,"x"
"S12TraDetP","dSWBuS1DtP",   4,"x"
"S12TraDetP","dBurS2DetP",   5,"x"
"S12TraDetP","dDigS1DetP",   6,"x"
"S12TraDetP","dDigS2DetP",   7,"x"
"S12TraDetS","dResS1DetS",   1,"x"
"S12TraDetS","dResS2DetS",   2,"x"
"S12TraDetS","dBurS1DetS",   3,"x"
"S12TraDetS","dSWBuS1DtS",   4,"x"
"S12TraDetS","dBurS2DetS",   5,"x"
"S12TraDetS","dDigS1DetS",   6,"x"
"S12TraDetS","dDigS2DetS",   7,"x"
"S12TraOOC ","dResS1OOC ",   1,"x"
"S12TraOOC ","dResS2OOC ",   2,"x"
"S12TraOOC ","dBurS1OOC ",   3,"x"
"S12TraOOC ","dSWBuS1OOC",   4,"x"
"S12TraOOC ","dBurS2OOC ",   5,"x"
"S12TraOOC ","dDigS1OOC ",   6,"x"
"S12TraOOC ","dDigS2OOC ",   7,"x"
"S12TraOON ","dResS1OON ",   1,"x"
"S12TraOON ","dResS2OON ",   2,"x"
"S12TraOON ","dBurS1OON ",   3,"x"
"S12TraOON ","dSWBuS1OON",   4,"x"
"S12TraOON ","dBurS2OON ",   5,"x"
"S12TraOON ","dDigS1OON ",   6,"x"
"S12TraOON ","dDigS2OON ",   7,"x"
"S12TraOOP ","dResS1OOP ",   1,"x"
"S12TraOOP ","dResS2OOP ",   2,"x"
"S12TraOOP ","dBurS1OOP ",   3,"x"
"S12TraOOP ","dSWBuS1OOP",   4,"x"
"S12TraOOP ","dBurS2OOP ",   5,"x"
"S12TraOOP ","dDigS1OOP ",   6,"x"
"S12TraOOP ","dDigS2OOP ",   7,"x"
"S12TraOOSi","dResS1OOSi",   1,"x"
"S12TraOOSi","dResS2OOSi",   2,"x"
"S12TraOOSi","dBurS1OOS ",   3,"x"
"S12TraOOSi","dSWBuS1OOS",   4," "
"S12TraOOSi","dBurS2OOS ",   5,"x"
"S12TraOOSi","dDigS1OOS ",   6,"x"
"S12TraOOSi","dDigS2OOS ",   7,"x"
"S12TraDiat","dResS1Diat",   1,"x"
"S12TraDiat","dResS2Diat",   2,"x"
"S12TraDiat","dBurS1Diat",   3,"x"
"S12TraDiat","dSWBuS1Dia",   4,"x"
"S12TraDiat","dBurS2Diat",   5,"x"
"S12TraDiat","dDigS1Diat",   6,"x"
"S12TraDiat","dDigS2Diat",   7,"x"
"ResN_DiaS1","dResS1DiDN",   1,"x"
"ResN_DiaS1","dResS1DiDP",   2,"x"
"ResN_DiaS1","dResS1DiDS",   3,"x"
"ResN_DiaS2","dResS2DiDN",   1,"x"
"ResN_DiaS2","dResS2DiDP",   2,"x"
"ResN_DiaS2","dResS2DiDS",   3,"x"
"S12TraMPB1","dResS1MPB1",   1,"x"
"S12TraMPB1","dResS2MPB1",   2,"x"
"S12TraMPB1","dBurS1MPB1",   3,"x"
"S12TraMPB1","dSWBurDum ",   4," "
"S12TraMPB1","dBurS2MPB1",   5,"x"
"S12TraMPB1","dDigS1MPB1",   6,"x"
"S12TraMPB1","dDigS2MPB1",   7,"x"
"S12TraMPB2","dResS1MPB2",   1,"x"
"S12TraMPB2","dResS2MPB2",   2,"x"
"S12TraMPB2","dBurS1MPB2",   3,"x"
"S12TraMPB2","dSWBurDum ",   4," "
"S12TraMPB2","dBurS2MPB2",   5,"x"
"S12TraMPB2","dDigS1MPB2",   6,"x"
"S12TraMPB2","dDigS2MPB2",   7,"x"
"S12TraIM1 ","dResS1IM1 ",   1,"x"
"S12TraIM1 ","dResS2IM1 ",   2,"x"
"S12TraIM1 ","dBurS1IM1 ",   3,"x"
"S12TraIM1 ","dSWBurDum ",   4," "
"S12TraIM1 ","dBurS2IM1 ",   5,"x"
"S12TraIM1 ","dDigS1IM1 ",   6,"x"
"S12TraIM1 ","dDigS2IM1 ",   7,"x"
"S12TraIM2 ","dResS1IM2 ",   1,"x"
"S12TraIM2 ","dResS2IM2 ",   2,"x"
"S12TraIM2 ","dBurS1IM2 ",   3,"x"
"S12TraIM2 ","dSWBurDum ",   4," "
"S12TraIM2 ","dBurS2IM2 ",   5,"x"
"S12TraIM2 ","dDigS1IM2 ",   6,"x"
"S12TraIM2 ","dDigS2IM2 ",   7,"x"
"S12TraIM3 ","dResS1IM3 ",   1,"x"
"S12TraIM3 ","dResS2IM3 ",   2,"x"
"S12TraIM3 ","dBurS1IM3 ",   3,"x"
"S12TraIM3 ","dSWBurDum ",   4," "
"S12TraIM3 ","dBurS2IM3 ",   5,"x"
"S12TraIM3 ","dDigS1IM3 ",   6,"x"
"S12TraIM3 ","dDigS2IM3 ",   7,"x"
"S12TraAAP ","dResS1AAP ",   1,"x"
"S12TraAAP ","dResS2AAP ",   2,"x"
"S12TraAAP ","dBurS1AAP ",   3,"x"
"S12TraAAP ","dSWBurDum ",   4," "
"S12TraAAP ","dBurS2AAP ",   5,"x"
"S12TraAAP ","dDigS1AAP ",   6,"x"
"S12TraAAP ","dDigS2AAP ",   7,"x"
"PartWK_Cd ","dSorpCd   ",   1," "
"PartWK_Cr ","dSorpCr   ",   1," "
"PartWK_Cu ","dSorpCu   ",   1," "
"PartWK_Hg ","dSorpHg   ",   1," "
"PartWK_Ni ","dSorpNi   ",   1," "
"PartWK_Pb ","dSorpPb   ",   1," "
"PartWK_As ","dSorpAs   ",   1," "
"PartWK_Va ","dSorpVa   ",   1," "
"PartWK_Zn ","dSorpZn   ",   1," "
"PartS1_Cd ","dSorpCdS1 ",   1," "
"PartS1_Cr ","dSorpCrS1 ",   1," "
"PartS1_Cu ","dSorpCuS1 ",   1," "
"PartS1_Hg ","dSorpHgS1 ",   1," "
"PartS1_Ni ","dSorpNiS1 ",   1," "
"PartS1_Pb ","dSorpPbS1 ",   1," "
"PartS1_As ","dSorpAsS1 ",   1," "
"PartS1_Va ","dSorpVaS1 ",   1," "
"PartS1_Zn ","dSorpZnS1 ",   1," "
"PartS2_Cd ","dSorpCdS2 ",   1," "
"PartS2_Cr ","dSorpCrS2 ",   1," "
"PartS2_Cu ","dSorpCuS2 ",   1," "
"PartS2_Hg ","dSorpHgS2 ",   1," "
"PartS2_Ni ","dSorpNiS2 ",   1," "
"PartS2_Pb ","dSorpPbS2 ",   1," "
"PartS2_As ","dSorpAsS2 ",   1," "
"PartS2_Va ","dSorpVaS2 ",   1," "
"PartS2_Zn ","dSorpZnS2 ",   1," "
"PartS1_153","dSorp153S1",   1," "
"PartS1_Atr","dSorpAtrS1",   1," "
"PartS1_BaP","dSorpBaPS1",   1," "
"PartS1_Diu","dSorpDiuS1",   1," "
"PartS1_Flu","dSorpFluS1",   1," "
"PartS1_HCB","dSorpHCBS1",   1," "
"PartS1_HCH","dSorpHCHS1",   1," "
"PartS1_Mef","dSorpMefS1",   1," "
"PartS2_153","dSorp153S2",   1," "
"PartS2_Atr","dSorpAtrS2",   1," "
"PartS2_BaP","dSorpBaPS2",   1," "
"PartS2_Diu","dSorpDiuS2",   1," "
"PartS2_Flu","dSorpFluS2",   1," "
"PartS2_HCB","dSorpHCBS2",   1," "
"PartS2_HCH","dSorpHCHS2",   1," "
"PartS2_Mef","dSorpMefS2",   1," "
"PartWK_153","dSorp153  ",   1," "
"PartWK_Atr","dSorpAtr  ",   1," "
"PartWK_BaP","dSorpBaP  ",   1," "
"PartWK_Diu","dSorpDiu  ",   1," "
"PartWK_Flu","dSorpFlu  ",   1," "
"PartWK_HCB","dSorpHCB  ",   1," "
"PartWK_HCH","dSorpHCH  ",   1," "
"PartWK_Mef","dSorpMef  ",   1," "
"UlvaFix_P ","dSedResALG",   1,"x"
"UlvaFix   ","dSedRes01 ",   1,"x"
"UlvaFix   ","dSedRes02 ",   2,"x"
"UlvaFix   ","dSedRes03 ",   3,"x"
"UlvaFix   ","dSedRes04 ",   4,"x"
"UlvaFix   ","dSedRes05 ",   5,"x"
"UlvaFix   ","dSedRes06 ",   6,"x"
"UlvaFix   ","dSedRes07 ",   7,"x"
"UlvaFix   ","dSedRes08 ",   8,"x"
"UlvaFix   ","dSedRes09 ",   9,"x"
"UlvaFix   ","dSedRes10 ",  10,"x"
"UlvaFix   ","dSedRes11 ",  11,"x"
"UlvaFix   ","dSedRes12 ",  12,"x"
"UlvaFix   ","dSedRes13 ",  13,"x"
"UlvaFix   ","dSedRes14 ",  14,"x"
"UlvaFix   ","dSedRes15 ",  15,"x"
"UlvaFix   ","dSedRes16 ",  16,"x"
"UlvaFix   ","dSedRes17 ",  17,"x"
"UlvaFix   ","dSedRes18 ",  18,"x"
"UlvaFix   ","dSedRes19 ",  19,"x"
"UlvaFix   ","dSedRes20 ",  20,"x"
"UlvaFix   ","dSedRes21 ",  21,"x"
"UlvaFix   ","dSedRes22 ",  22,"x"
"UlvaFix   ","dSedRes23 ",  23,"x"
"UlvaFix   ","dSedRes24 ",  24,"x"
"UlvaFix   ","dSedRes25 ",  25,"x"
"UlvaFix   ","dSedRes26 ",  26,"x"
"UlvaFix   ","dSedRes27 ",  27,"x"
"UlvaFix   ","dSedRes28 ",  28,"x"
"UlvaFix   ","dSedRes29 ",  29,"x"
"UlvaFix   ","dSedRes30 ",  30,"x"
"CONSBL    ","dGrzDisC  ",   1,"x"
"CONSBL    ","dGrzDisN  ",   2,"x"
"CONSBL    ","dGrzDisP  ",   3,"x"
"CONSBL    ","dGrzDisSi ",   4,"x"
"CONSBL    ","dGrzAlgC  ",   5,"x"
"CONSBL    ","dGrzAlgN  ",   6,"x"
"CONSBL    ","dGrzAlgP  ",   7,"x"
"CONSBL    ","dGrzAlgSi ",   8,"x"
"CONSBL    ","dGrzDetC  ",   9,"x"
"CONSBL    ","dGrzDetN  ",  10,"x"
"CONSBL    ","dGrzDetP  ",  11,"x"
"CONSBL    ","dGrzDetSi ",  12,"x"
"CONSBL    ","dGrzPOC1  ",  13,"x"
"CONSBL    ","dGrzPON1  ",  14,"x"
"CONSBL    ","dGrzPOP1  ",  15,"x"
"CONSBL    ","dGrzPOSi1 ",  16,"x"
"CONSBL    ","dGrzDetCS1",  17,"x"
"CONSBL    ","dGrzDetNS1",  18,"x"
"CONSBL    ","dGrzDetPS1",  19,"x"
"CONSBL    ","dGrzDetSS1",  20,"x"
"CONSBL    ","dGrzGreen ",  21,"x"
"CONSBL    ","dGrzDiat  ",  22,"x"
"CONSBL    ","dGrzALG01 ",  23,"x"
"CONSBL    ","dGrzALG02 ",  24,"x"
"CONSBL    ","dGrzALG03 ",  25,"x"
"CONSBL    ","dGrzALG04 ",  26,"x"
"CONSBL    ","dGrzALG05 ",  27,"x"
"CONSBL    ","dGrzALG06 ",  28,"x"
"CONSBL    ","dGrzALG07 ",  29,"x"
"CONSBL    ","dGrzALG08 ",  30,"x"
"CONSBL    ","dGrzALG09 ",  31,"x"
"CONSBL    ","dGrzALG10 ",  32,"x"
"CONSBL    ","dGrzALG11 ",  33,"x"
"CONSBL    ","dGrzALG12 ",  34,"x"
"CONSBL    ","dGrzALG13 ",  35,"x"
"CONSBL    ","dGrzALG14 ",  36,"x"
"CONSBL    ","dGrzALG15 ",  37,"x"
"CONSBL    ","dGrzALG16 ",  38,"x"
"CONSBL    ","dGrzALG17 ",  39,"x"
"CONSBL    ","dGrzALG18 ",  40,"x"
"CONSBL    ","dGrzALG19 ",  41,"x"
"CONSBL    ","dGrzALG20 ",  42,"x"
"CONSBL    ","dGrzALG21 ",  43,"x"
"CONSBL    ","dGrzALG22 ",  44,"x"
"CONSBL    ","dGrzALG23 ",  45,"x"
"CONSBL    ","dGrzALG24 ",  46,"x"
"CONSBL    ","dGrzALG25 ",  47,"x"
"CONSBL    ","dGrzALG26 ",  48,"x"
"CONSBL    ","dGrzALG27 ",  49,"x"
"CONSBL    ","dGrzALG28 ",  50,"x"
"CONSBL    ","dGrzALG29 ",  51,"x"
"CONSBL    ","dGrzALG30 ",  52,"x"
"Volat_153 ","dVolat153 ",   1,"x"
"Volat_HCB ","dVolatHCB ",   1,"x"
"Volat_HCH ","dVolatHCH ",   1,"x"
"Volat_Flu ","dVolatFlu ",   1,"x"
"Volat_BaP ","dVolatBaP ",   1,"x"
"Volat_Atr ","dVolatAtr ",   1,"x"
"Volat_Mef ","dVolatMef ",   1,"x"
"Volat_Diu ","dVolatDiu ",   1,"x"
"Los_WK_153","dLoss153  ",   1,"x"
"Los_WK_HCB","dLossHCB  ",   1,"x"
"Los_WK_HCH","dLossHCH  ",   1,"x"
"Los_WK_Flu","dLossFlu  ",   1,"x"
"Los_WK_BaP","dLossBaP  ",   1,"x"
"Los_WK_Atr","dLossAtr  ",   1,"x"
"Los_WK_Mef","dLossMef  ",   1,"x"
"Los_WK_Diu","dLossDiu  ",   1,"x"
"Los_S1_153","dLoss153S1",   1,"x"
"Los_S1_HCB","dLossHCBS1",   1,"x"
"Los_S1_HCH","dLossHCHS1",   1,"x"
"Los_S1_Flu","dLossFluS1",   1,"x"
"Los_S1_BaP","dLossBaPS1",   1,"x"
"Los_S1_Atr","dLossAtrS1",   1,"x"
"Los_S1_Mef","dLossMefS1",   1,"x"
"Los_S1_Diu","dLossDiuS1",   1,"x"
"Los_S2_153","dLoss153S2",   1,"x"
"Los_S2_HCB","dLossHCBS2",   1,"x"
"Los_S2_HCH","dLossHCHS2",   1,"x"
"Los_S2_Flu","dLossFluS2",   1,"x"
"Los_S2_BaP","dLossBaPS2",   1,"x"
"Los_S2_Atr","dLossAtrS2",   1,"x"
"Los_S2_Mef","dLossMefS2",   1,"x"
"Los_S2_Diu","dLossDiuS2",   1,"x"
"Sed_Cd    ","dSedCd    ",   1,"x"
"Sed_Cd    ","dSedCdS2  ",   2," "
"Sed_Cu    ","dSedCu    ",   1,"x"
"Sed_Cu    ","dSedCuS2  ",   2," "
"Sed_Zn    ","dSedZn    ",   1,"x"
"Sed_Zn    ","dSedZnS2  ",   2," "
"Sed_Hg    ","dSedHg    ",   1,"x"
"Sed_Hg    ","dSedHgS2  ",   2," "
"Sed_Ni    ","dSedNi    ",   1,"x"
"Sed_Ni    ","dSedNiS2  ",   2," "
"Sed_Pb    ","dSedPb    ",   1,"x"
"Sed_Pb    ","dSedPbS2  ",   2," "
"Sed_Cr    ","dSedCr    ",   1,"x"
"Sed_Cr    ","dSedCrS2  ",   2," "
"Sed_As    ","dSedAs    ",   1,"x"
"Sed_As    ","dSedAsS2  ",   2," "
"Sed_Va    ","dSedVa    ",   1,"x"
"Sed_Va    ","dSedVaS2  ",   2," "
"Sed_153   ","dSed153   ",   1,"x"
"Sed_HCB   ","dSedHCB   ",   1,"x"
"Sed_HCH   ","dSedHCH   ",   1,"x"
"Sed_Flu   ","dSedFlu   ",   1,"x"
"Sed_Bap   ","dSedBap   ",   1,"x"
"Sed_Atr   ","dSedAtr   ",   1,"x"
"Sed_Mef   ","dSedMef   ",   1,"x"
"Sed_Diu   ","dSedDiu   ",   1,"x"
"S12TraAs  ","dResS1As  ",   1,"x"
"S12TraAs  ","dResS2As  ",   2,"x"
"S12TraAs  ","dBurS1As  ",   3,"x"
"S12TraAs  ","dSWBurDum ",   4," "
"S12TraAs  ","dBurS2As  ",   5,"x"
"S12TraAs  ","dDigS1As  ",   6,"x"
"S12TraAs  ","dDigS2As  ",   7,"x"
"S12TraCd  ","dResS1Cd  ",   1,"x"
"S12TraCd  ","dResS2Cd  ",   2,"x"
"S12TraCd  ","dBurS1Cd  ",   3,"x"
"S12TraCd  ","dSWBurDum ",   4," "
"S12TraCd  ","dBurS2Cd  ",   5,"x"
"S12TraCd  ","dDigS1Cd  ",   6,"x"
"S12TraCd  ","dDigS2Cd  ",   7,"x"
"S12TraCr  ","dResS1Cr  ",   1,"x"
"S12TraCr  ","dResS2Cr  ",   2,"x"
"S12TraCr  ","dBurS1Cr  ",   3,"x"
"S12TraCr  ","dSWBurDum ",   4," "
"S12TraCr  ","dBurS2Cr  ",   5,"x"
"S12TraCr  ","dDigS1Cr  ",   6,"x"
"S12TraCr  ","dDigS2Cr  ",   7,"x"
"S12TraCu  ","dResS1Cu  ",   1,"x"
"S12TraCu  ","dResS2Cu  ",   2,"x"
"S12TraCu  ","dBurS1Cu  ",   3,"x"
"S12TraCu  ","dSWBurDum ",   4," "
"S12TraCu  ","dBurS2Cu  ",   5,"x"
"S12TraCu  ","dDigS1Cu  ",   6,"x"
"S12TraCu  ","dDigS2Cu  ",   7,"x"
"S12TraHg  ","dResS1Hg  ",   1,"x"
"S12TraHg  ","dResS2Hg  ",   2,"x"
"S12TraHg  ","dBurS1Hg  ",   3,"x"
"S12TraHg  ","dSWBurDum ",   4," "
"S12TraHg  ","dBurS2Hg  ",   5,"x"
"S12TraHg  ","dDigS1Hg  ",   6,"x"
"S12TraHg  ","dDigS2Hg  ",   7,"x"
"S12TraNi  ","dResS1Ni  ",   1,"x"
"S12TraNi  ","dResS2Ni  ",   2,"x"
"S12TraNi  ","dBurS1Ni  ",   3,"x"
"S12TraNi  ","dSWBurDum ",   4," "
"S12TraNi  ","dBurS2Ni  ",   5,"x"
"S12TraNi  ","dDigS1Ni  ",   6,"x"
"S12TraNi  ","dDigS2Ni  ",   7,"x"
"S12TraPb  ","dResS1Pb  ",   1,"x"
"S12TraPb  ","dResS2Pb  ",   2,"x"
"S12TraPb  ","dBurS1Pb  ",   3,"x"
"S12TraPb  ","dSWBurDum ",   4," "
"S12TraPb  ","dBurS2Pb  ",   5,"x"
"S12TraPb  ","dDigS1Pb  ",   6,"x"
"S12TraPb  ","dDigS2Pb  ",   7,"x"
"S12TraVa  ","dResS1Va  ",   1,"x"
"S12TraVa  ","dResS2Va  ",   2,"x"
"S12TraVa  ","dBurS1Va  ",   3,"x"
"S12TraVa  ","dSWBurDum ",   4," "
"S12TraVa  ","dBurS2Va  ",   5,"x"
"S12TraVa  ","dDigS1Va  ",   6,"x"
"S12TraVa  ","dDigS2Va  ",   7,"x"
"S12TraZn  ","dResS1Zn  ",   1,"x"
"S12TraZn  ","dResS2Zn  ",   2,"x"
"S12TraZn  ","dBurS1Zn  ",   3,"x"
"S12TraZn  ","dSWBurDum ",   4," "
"S12TraZn  ","dBurS2Zn  ",   5,"x"
"S12TraZn  ","dDigS1Zn  ",   6,"x"
"S12TraZn  ","dDigS2Zn  ",   7,"x"
"S12Tra153 ","dResS1153 ",   1,"x"
"S12Tra153 ","dResS2153 ",   2,"x"
"S12Tra153 ","dBurS1153 ",   3,"x"
"S12Tra153 ","dSWBurDum ",   4," "
"S12Tra153 ","dBurS2153 ",   5,"x"
"S12Tra153 ","dDigS1153 ",   6,"x"
"S12Tra153 ","dDigS2153 ",   7,"x"
"S12TraAtr ","dResS1Atr ",   1,"x"
"S12TraAtr ","dResS2Atr ",   2,"x"
"S12TraAtr ","dBurS1Atr ",   3,"x"
"S12TraAtr ","dSWBurDum ",   4," "
"S12TraAtr ","dBurS2Atr ",   5,"x"
"S12TraAtr ","dDigS1Atr ",   6,"x"
"S12TraAtr ","dDigS2Atr ",   7,"x"
"S12TraMef ","dResS1Mef ",   1,"x"
"S12TraMef ","dResS2Mef ",   2,"x"
"S12TraMef ","dBurS1Mef ",   3,"x"
"S12TraMef ","dSWBurDum ",   4," "
"S12TraMef ","dBurS2Mef ",   5,"x"
"S12TraMef ","dDigS1Mef ",   6,"x"
"S12TraMef ","dDigS2Mef ",   7,"x"
"S12TraDiu ","dResS1Diu ",   1,"x"
"S12TraDiu ","dResS2Diu ",   2,"x"
"S12TraDiu ","dBurS1Diu ",   3,"x"
"S12TraDiu ","dSWBurDum ",   4," "
"S12TraDiu ","dBurS2Diu ",   5,"x"
"S12TraDiu ","dDigS1Diu ",   6,"x"
"S12TraDiu ","dDigS2Diu ",   7,"x"
"S12TraBaP ","dResS1BaP ",   1,"x"
"S12TraBaP ","dResS2BaP ",   2,"x"
"S12TraBaP ","dBurS1BaP ",   3,"x"
"S12TraBaP ","dSWBurDum ",   4," "
"S12TraBaP ","dBurS2BaP ",   5,"x"
"S12TraBaP ","dDigS1BaP ",   6,"x"
"S12TraBaP ","dDigS2BaP ",   7,"x"
"S12TraOMP ","dResS1OMP ",   1,"x"
"S12TraOMP ","dResS2OMP ",   2,"x"
"S12TraOMP ","dBurS1OMP ",   3,"x"
"S12TraOMP ","dSWBurDum ",   4," "
"S12TraOMP ","dBurS2OMP ",   5,"x"
"S12TraOMP ","dDigS1OMP ",   6,"x"
"S12TraOMP ","dDigS2OMP ",   7,"x"
"S12TraFlu ","dResS1Flu ",   1,"x"
"S12TraFlu ","dResS2Flu ",   2,"x"
"S12TraFlu ","dBurS1Flu ",   3,"x"
"S12TraFlu ","dSWBurDum ",   4," "
"S12TraFlu ","dBurS2Flu ",   5,"x"
"S12TraFlu ","dDigS1Flu ",   6,"x"
"S12TraFlu ","dDigS2Flu ",   7,"x"
"S12TraHCB ","dResS1HCB ",   1,"x"
"S12TraHCB ","dResS2HCB ",   2,"x"
"S12TraHCB ","dBurS1HCB ",   3,"x"
"S12TraHCB ","dSWBurDum ",   4," "
"S12TraHCB ","dBurS2HCB ",   5,"x"
"S12TraHCB ","dDigS1HCB ",   6,"x"
"S12TraHCB ","dDigS2HCB ",   7,"x"
"S12TraHCH ","dResS1HCH ",   1,"x"
"S12TraHCH ","dResS2HCH ",   2,"x"
"S12TraHCH ","dBurS1HCH ",   3,"x"
"S12TraHCH ","dSWBurDum ",   4," "
"S12TraHCH ","dBurS2HCH ",   5,"x"
"S12TraHCH ","dDigS1HCH ",   6,"x"
"S12TraHCH ","dDigS2HCH ",   7,"x"
"Evap_Conti","dEvapConti",   1,"x"
"AtmDep_IM1","dAtmDepIM1",   1,"x"
"AtmDep_IM2","dAtmDepIM2",   1,"x"
"AtmDep_IM3","dAtmDepIM3",   1,"x"
"Dfwast_IM1","dDfwastIM1",   1,"x"
"Dfwast_IM2","dDfwastIM2",   1,"x"
"Dfwast_IM3","dDfwastIM3",   1,"x"
"AtmDep_NH4","dAtmDepNH4",   1,"x"
"AtmDep_NO3","dAtmDepNO3",   1,"x"
"AtmDep_PO4","dAtmDepPO4",   1,"x"
"AtmDep_SO4","dAtmDepSO4",   1,"x"
"AtmDep_153","dAtmDep153",   1,"x"
"AtmDep_HCB","dAtmDepHCB",   1,"x"
"AtmDep_HCH","dAtmDepHCH",   1,"x"
"AtmDep_Flu","dAtmDepFlu",   1,"x"
"AtmDep_Bap","dAtmDepBap",   1,"x"
"AtmDep_Atr","dAtmDepAtr",   1,"x"
"AtmDep_Mef","dAtmDepMef",   1,"x"
"AtmDep_Diu","dAtmDepDiu",   1,"x"
"AtmDep_Cd ","dAtmDepCd ",   1,"x"
"AtmDep_Cu ","dAtmDepCu ",   1,"x"
"AtmDep_Zn ","dAtmDepZn ",   1,"x"
"AtmDep_Hg ","dAtmDepHg ",   1,"x"
"AtmDep_Ni ","dAtmDepNi ",   1,"x"
"AtmDep_Pb ","dAtmDepPb ",   1,"x"
"AtmDep_Cr ","dAtmDepCr ",   1,"x"
"AtmDep_As ","dAtmDepAs ",   1,"x"
"AtmDep_Va ","dAtmDepVa ",   1,"x"
"Dfwast_NO3","dDfwastNO3",   1,"x"
"Dfwast_NH4","dDfwastNH4",   1,"x"
"Dfwast_PO4","dDfwastPO4",   1,"x"
"Dfwast_Si ","dDfwastSi ",   1,"x"
"Dfwast_SO4","dDfwastSO4",   1,"x"
"Dfwast_153","dDfwast153",   1,"x"
"Dfwast_HCB","dDfwastHCB",   1,"x"
"Dfwast_HCH","dDfwastHCH",   1,"x"
"Dfwast_Flu","dDfwastFlu",   1,"x"
"Dfwast_Bap","dDfwastBap",   1,"x"
"Dfwast_Atr","dDfwastAtr",   1,"x"
"Dfwast_Mef","dDfwastMef",   1,"x"
"Dfwast_Diu","dDfwastDiu",   1,"x"
"Dfwast_Cd ","dDfwastCd ",   1,"x"
"Dfwast_Cu ","dDfwastCu ",   1,"x"
"Dfwast_Zn ","dDfwastZn ",   1,"x"
"Dfwast_Hg ","dDfwastHg ",   1,"x"
"Dfwast_Ni ","dDfwastNi ",   1,"x"
"Dfwast_Pb ","dDfwastPb ",   1,"x"
"Dfwast_Cr ","dDfwastCr ",   1,"x"
"Dfwast_As ","dDfwastAs ",   1,"x"
"Dfwast_Va ","dDfwastVa ",   1,"x"
"NH3free   ","dDumNH3fre",   1,"x"
"PosOXY    ","dDumPosOXY",   1,"x"
"Secchi    ","dDumSecchi",   1,"x"
"Prod_TEWOR","dTEWORBOD ",   1,"x"
"Prod_TEWOR","dTEWORBOD2",   2,"x"
"Prod_TEWOR","dTEWORBOD3",   3,"x"
"Prod_TEWOR","dTEWORCOD ",   4,"x"
"Prod_TEWOR","dTEWOROXY ",   5,"x"
"Prod_TEWOR","dTEWORORGN",   6,"x"
"Prod_TEWOR","dTEWORNH4 ",   7,"x"
"Prod_TEWOR","dTEWORNO3 ",   8,"x"
"Prod_TEWOR","dTEWOROON ",   9,"x"
"Prod_TEWOR","dTEWORECol",  10,"x"
"PartS1_OMP","dSorpOMPS1",   1," "
"PartS2_OMP","dSorpOMPS2",   1," "
"PartWK_OMP","dSorpOMP  ",   1," "
"Volat_OMP ","dVolatOMP ",   1,"x"
"Los_WK_OMP","dLossOMP  ",   1,"x"
"Los_S1_OMP","dLossOMPS1",   1,"x"
"Los_S2_OMP","dLossOMPS2",   1,"x"
"Sed_OMP   ","dSedOMP   ",   1,"x"
"AtmDep_OMP","dAtmDepOMP",   1,"x"
"Dfwast_OMP","dDfwastOMP",   1,"x"
"Damrear   ","dDamrear  ",   1,"x"
"TRSOXY    ","dTRSOXY   ",   1,"x"
"APATITE   ","dPrecAPPO4",   1,"x"
"APATITE   ","dDissAPPO4",   2,"x"
"HarveZoop ","dDumHZoop ",   1,"x"
"HarveMuss ","dDumHMuss ",   1,"x"
"HarveG3   ","dDumHGra3 ",   1,"x"
"HarveG4   ","dDumHGra4 ",   1,"x"
"HarveG5   ","dDumHGra5 ",   1,"x"
"VBGrowth01","dVB01     ",   1,"x"
"VBMort01  ","dMrtC1VB01",   1,"x"
"VBMort01  ","dMrtC3VB01",   2,"x"
"VBMort01  ","dMrtC4VB01",   3,"x"
"VBMort01  ","dMrtC2VB01",   4,"x"
"VBMort01  ","dMrtC5VB01",   5,"x"
"VB01_Mrt3W","dMC2VB01P1",   1,"x"
"VB01_Mrt3W","dMC2VB01P2",   2,"x"
"VB01_Mrt3W","dMC2VB01P3",   3,"x"
"VB01_Mrt3W","dMN2VB01P1",   4,"x"
"VB01_Mrt3W","dMN2VB01P2",   5,"x"
"VB01_Mrt3W","dMN2VB01P3",   6,"x"
"VB01_Mrt3W","dMP2VB01P1",   7,"x"
"VB01_Mrt3W","dMP2VB01P2",   8,"x"
"VB01_Mrt3W","dMP2VB01P3",   9,"x"
"VB01_Mrt3W","dMS2VB01P1",  10,"x"
"VB01_Mrt3W","dMS2VB01P2",  11,"x"
"VB01_Mrt3W","dMS2VB01P3",  12,"x"
"VB01_Mrt3W","dMC1VB01P5",  13,"x"
"VB01_Mrt3W","dMC3VB01P5",  14,"x"
"VB01_Mrt3W","dMN1VB01P5",  15,"x"
"VB01_Mrt3W","dMN3VB01P5",  16,"x"
"VB01_Mrt3W","dMP1VB01P5",  17,"x"
"VB01_Mrt3W","dMP3VB01P5",  18,"x"
"VB01_Mrt3W","dMS1VB01P5",  19,"x"
"VB01_Mrt3W","dMS3VB01P5",  20,"x"
"VB01_Mrt3S","dMC5VB01P1",   1,"x"
"VB01_Mrt3S","dMC5VB01P2",   2,"x"
"VB01_Mrt3S","dMC5VB01P3",   3,"x"
"VB01_Mrt3S","dMN5VB01P1",   4,"x"
"VB01_Mrt3S","dMN5VB01P2",   5,"x"
"VB01_Mrt3S","dMN5VB01P3",   6,"x"
"VB01_Mrt3S","dMP5VB01P1",   7,"x"
"VB01_Mrt3S","dMP5VB01P2",   8,"x"
"VB01_Mrt3S","dMP5VB01P3",   9,"x"
"VB01_Mrt3S","dMS5VB01P1",  10,"x"
"VB01_Mrt3S","dMS5VB01P2",  11,"x"
"VB01_Mrt3S","dMS5VB01P3",  12,"x"
"VB01_Mrt3S","dMC4VB01P5",  13,"x"
"VB01_Mrt3S","dMN4VB01P5",  14,"x"
"VB01_Mrt3S","dMP4VB01P5",  15,"x"
"VB01_Mrt3S","dMS4VB01P5",  16,"x"
"VB01_Upt3D","dN1VB01upy",   1,"x"
"VB01_Upt3D","dN2VB01upy",   2,"x"
"VB01_Upt3D","dP1VB01upy",   3,"x"
"VB01_Upt3D","dP2VB01upy",   4,"x"
"VB01_Upt3D","dS1VB01upy",   5,"x"
"VB01_Upt3D","dS2VB01upy",   6,"x"
"VBGrowth02","dVB02     ",   1,"x"
"VBMort02  ","dMrtC1VB02",   1,"x"
"VBMort02  ","dMrtC3VB02",   2,"x"
"VBMort02  ","dMrtC4VB02",   3,"x"
"VBMort02  ","dMrtC2VB02",   4,"x"
"VBMort02  ","dMrtC5VB02",   5,"x"
"VB02_Mrt3W","dMC2VB02P1",   1,"x"
"VB02_Mrt3W","dMC2VB02P2",   2,"x"
"VB02_Mrt3W","dMC2VB02P3",   3,"x"
"VB02_Mrt3W","dMN2VB02P1",   4,"x"
"VB02_Mrt3W","dMN2VB02P2",   5,"x"
"VB02_Mrt3W","dMN2VB02P3",   6,"x"
"VB02_Mrt3W","dMP2VB02P1",   7,"x"
"VB02_Mrt3W","dMP2VB02P2",   8,"x"
"VB02_Mrt3W","dMP2VB02P3",   9,"x"
"VB02_Mrt3W","dMS2VB02P1",  10,"x"
"VB02_Mrt3W","dMS2VB02P2",  11,"x"
"VB02_Mrt3W","dMS2VB02P3",  12,"x"
"VB02_Mrt3W","dMC1VB02P5",  13,"x"
"VB02_Mrt3W","dMC3VB02P5",  14,"x"
"VB02_Mrt3W","dMN1VB02P5",  15,"x"
"VB02_Mrt3W","dMN3VB02P5",  16,"x"
"VB02_Mrt3W","dMP1VB02P5",  17,"x"
"VB02_Mrt3W","dMP3VB02P5",  18,"x"
"VB02_Mrt3W","dMS1VB02P5",  19,"x"
"VB02_Mrt3W","dMS3VB02P5",  20,"x"
"VB02_Mrt3S","dMC5VB02P1",   1,"x"
"VB02_Mrt3S","dMC5VB02P2",   2,"x"
"VB02_Mrt3S","dMC5VB02P3",   3,"x"
"VB02_Mrt3S","dMN5VB02P1",   4,"x"
"VB02_Mrt3S","dMN5VB02P2",   5,"x"
"VB02_Mrt3S","dMN5VB02P3",   6,"x"
"VB02_Mrt3S","dMP5VB02P1",   7,"x"
"VB02_Mrt3S","dMP5VB02P2",   8,"x"
"VB02_Mrt3S","dMP5VB02P3",   9,"x"
"VB02_Mrt3S","dMS5VB02P1",  10,"x"
"VB02_Mrt3S","dMS5VB02P2",  11,"x"
"VB02_Mrt3S","dMS5VB02P3",  12,"x"
"VB02_Mrt3S","dMC4VB02P5",  13,"x"
"VB02_Mrt3S","dMN4VB02P5",  14,"x"
"VB02_Mrt3S","dMP4VB02P5",  15,"x"
"VB02_Mrt3S","dMS4VB02P5",  16,"x"
"VB02_Upt3D","dN1VB02upy",   1,"x"
"VB02_Upt3D","dN2VB02upy",   2,"x"
"VB02_Upt3D","dP1VB02upy",   3,"x"
"VB02_Upt3D","dP2VB02upy",   4,"x"
"VB02_Upt3D","dS1VB02upy",   5,"x"
"VB02_Upt3D","dS2VB02upy",   6,"x"
"VBGrowth03","dVB03     ",   1,"x"
"VBMort03  ","dMrtC1VB03",   1,"x"
"VBMort03  ","dMrtC3VB03",   2,"x"
"VBMort03  ","dMrtC4VB03",   3,"x"
"VBMort03  ","dMrtC2VB03",   4,"x"
"VBMort03  ","dMrtC5VB03",   5,"x"
"VB03_Mrt3W","dMC2VB03P1",   1,"x"
"VB03_Mrt3W","dMC2VB03P2",   2,"x"
"VB03_Mrt3W","dMC2VB03P3",   3,"x"
"VB03_Mrt3W","dMN2VB03P1",   4,"x"
"VB03_Mrt3W","dMN2VB03P2",   5,"x"
"VB03_Mrt3W","dMN2VB03P3",   6,"x"
"VB03_Mrt3W","dMP2VB03P1",   7,"x"
"VB03_Mrt3W","dMP2VB03P2",   8,"x"
"VB03_Mrt3W","dMP2VB03P3",   9,"x"
"VB03_Mrt3W","dMS2VB03P1",  10,"x"
"VB03_Mrt3W","dMS2VB03P2",  11,"x"
"VB03_Mrt3W","dMS2VB03P3",  12,"x"
"VB03_Mrt3W","dMC1VB03P5",  13,"x"
"VB03_Mrt3W","dMC3VB03P5",  14,"x"
"VB03_Mrt3W","dMN1VB03P5",  15,"x"
"VB03_Mrt3W","dMN3VB03P5",  16,"x"
"VB03_Mrt3W","dMP1VB03P5",  17,"x"
"VB03_Mrt3W","dMP3VB03P5",  18,"x"
"VB03_Mrt3W","dMS1VB03P5",  19,"x"
"VB03_Mrt3W","dMS3VB03P5",  20,"x"
"VB03_Mrt3S","dMC5VB03P1",   1,"x"
"VB03_Mrt3S","dMC5VB03P2",   2,"x"
"VB03_Mrt3S","dMC5VB03P3",   3,"x"
"VB03_Mrt3S","dMN5VB03P1",   4,"x"
"VB03_Mrt3S","dMN5VB03P2",   5,"x"
"VB03_Mrt3S","dMN5VB03P3",   6,"x"
"VB03_Mrt3S","dMP5VB03P1",   7,"x"
"VB03_Mrt3S","dMP5VB03P2",   8,"x"
"VB03_Mrt3S","dMP5VB03P3",   9,"x"
"VB03_Mrt3S","dMS5VB03P1",  10,"x"
"VB03_Mrt3S","dMS5VB03P2",  11,"x"
"VB03_Mrt3S","dMS5VB03P3",  12,"x"
"VB03_Mrt3S","dMC4VB03P5",  13,"x"
"VB03_Mrt3S","dMN4VB03P5",  14,"x"
"VB03_Mrt3S","dMP4VB03P5",  15,"x"
"VB03_Mrt3S","dMS4VB03P5",  16,"x"
"VB03_Upt3D","dN1VB03upy",   1,"x"
"VB03_Upt3D","dN2VB03upy",   2,"x"
"VB03_Upt3D","dP1VB03upy",   3,"x"
"VB03_Upt3D","dP2VB03upy",   4,"x"
"VB03_Upt3D","dS1VB03upy",   5,"x"
"VB03_Upt3D","dS2VB03upy",   6,"x"
"VBGrowth04","dVB04     ",   1,"x"
"VBMort04  ","dMrtC1VB04",   1,"x"
"VBMort04  ","dMrtC3VB04",   2,"x"
"VBMort04  ","dMrtC4VB04",   3,"x"
"VBMort04  ","dMrtC2VB04",   4,"x"
"VBMort04  ","dMrtC5VB04",   5,"x"
"VB04_Mrt3W","dMC2VB04P1",   1,"x"
"VB04_Mrt3W","dMC2VB04P2",   2,"x"
"VB04_Mrt3W","dMC2VB04P3",   3,"x"
"VB04_Mrt3W","dMN2VB04P1",   4,"x"
"VB04_Mrt3W","dMN2VB04P2",   5,"x"
"VB04_Mrt3W","dMN2VB04P3",   6,"x"
"VB04_Mrt3W","dMP2VB04P1",   7,"x"
"VB04_Mrt3W","dMP2VB04P2",   8,"x"
"VB04_Mrt3W","dMP2VB04P3",   9,"x"
"VB04_Mrt3W","dMS2VB04P1",  10,"x"
"VB04_Mrt3W","dMS2VB04P2",  11,"x"
"VB04_Mrt3W","dMS2VB04P3",  12,"x"
"VB04_Mrt3W","dMC1VB04P5",  13,"x"
"VB04_Mrt3W","dMC3VB04P5",  14,"x"
"VB04_Mrt3W","dMN1VB04P5",  15,"x"
"VB04_Mrt3W","dMN3VB04P5",  16,"x"
"VB04_Mrt3W","dMP1VB04P5",  17,"x"
"VB04_Mrt3W","dMP3VB04P5",  18,"x"
"VB04_Mrt3W","dMS1VB04P5",  19,"x"
"VB04_Mrt3W","dMS3VB04P5",  20,"x"
"VB04_Mrt3S","dMC5VB04P1",   1,"x"
"VB04_Mrt3S","dMC5VB04P2",   2,"x"
"VB04_Mrt3S","dMC5VB04P3",   3,"x"
"VB04_Mrt3S","dMN5VB04P1",   4,"x"
"VB04_Mrt3S","dMN5VB04P2",   5,"x"
"VB04_Mrt3S","dMN5VB04P3",   6,"x"
"VB04_Mrt3S","dMP5VB04P1",   7,"x"
"VB04_Mrt3S","dMP5VB04P2",   8,"x"
"VB04_Mrt3S","dMP5VB04P3",   9,"x"
"VB04_Mrt3S","dMS5VB04P1",  10,"x"
"VB04_Mrt3S","dMS5VB04P2",  11,"x"
"VB04_Mrt3S","dMS5VB04P3",  12,"x"
"VB04_Mrt3S","dMC4VB04P5",  13,"x"
"VB04_Mrt3S","dMN4VB04P5",  14,"x"
"VB04_Mrt3S","dMP4VB04P5",  15,"x"
"VB04_Mrt3S","dMS4VB04P5",  16,"x"
"VB04_Upt3D","dN1VB04upy",   1,"x"
"VB04_Upt3D","dN2VB04upy",   2,"x"
"VB04_Upt3D","dP1VB04upy",   3,"x"
"VB04_Upt3D","dP2VB04upy",   4,"x"
"VB04_Upt3D","dS1VB04upy",   5,"x"
"VB04_Upt3D","dS2VB04upy",   6,"x"
"VBGrowth05","dVB05     ",   1,"x"
"VBMort05  ","dMrtC1VB05",   1,"x"
"VBMort05  ","dMrtC3VB05",   2,"x"
"VBMort05  ","dMrtC4VB05",   3,"x"
"VBMort05  ","dMrtC2VB05",   4,"x"
"VBMort05  ","dMrtC5VB05",   5,"x"
"VB05_Mrt3W","dMC2VB05P1",   1,"x"
"VB05_Mrt3W","dMC2VB05P2",   2,"x"
"VB05_Mrt3W","dMC2VB05P3",   3,"x"
"VB05_Mrt3W","dMN2VB05P1",   4,"x"
"VB05_Mrt3W","dMN2VB05P2",   5,"x"
"VB05_Mrt3W","dMN2VB05P3",   6,"x"
"VB05_Mrt3W","dMP2VB05P1",   7,"x"
"VB05_Mrt3W","dMP2VB05P2",   8,"x"
"VB05_Mrt3W","dMP2VB05P3",   9,"x"
"VB05_Mrt3W","dMS2VB05P1",  10,"x"
"VB05_Mrt3W","dMS2VB05P2",  11,"x"
"VB05_Mrt3W","dMS2VB05P3",  12,"x"
"VB05_Mrt3W","dMC1VB05P5",  13,"x"
"VB05_Mrt3W","dMC3VB05P5",  14,"x"
"VB05_Mrt3W","dMN1VB05P5",  15,"x"
"VB05_Mrt3W","dMN3VB05P5",  16,"x"
"VB05_Mrt3W","dMP1VB05P5",  17,"x"
"VB05_Mrt3W","dMP3VB05P5",  18,"x"
"VB05_Mrt3W","dMS1VB05P5",  19,"x"
"VB05_Mrt3W","dMS3VB05P5",  20,"x"
"VB05_Mrt3S","dMC5VB05P1",   1,"x"
"VB05_Mrt3S","dMC5VB05P2",   2,"x"
"VB05_Mrt3S","dMC5VB05P3",   3,"x"
"VB05_Mrt3S","dMN5VB05P1",   4,"x"
"VB05_Mrt3S","dMN5VB05P2",   5,"x"
"VB05_Mrt3S","dMN5VB05P3",   6,"x"
"VB05_Mrt3S","dMP5VB05P1",   7,"x"
"VB05_Mrt3S","dMP5VB05P2",   8,"x"
"VB05_Mrt3S","dMP5VB05P3",   9,"x"
"VB05_Mrt3S","dMS5VB05P1",  10,"x"
"VB05_Mrt3S","dMS5VB05P2",  11,"x"
"VB05_Mrt3S","dMS5VB05P3",  12,"x"
"VB05_Mrt3S","dMC4VB05P5",  13,"x"
"VB05_Mrt3S","dMN4VB05P5",  14,"x"
"VB05_Mrt3S","dMP4VB05P5",  15,"x"
"VB05_Mrt3S","dMS4VB05P5",  16,"x"
"VB05_Upt3D","dN1VB05upy",   1,"x"
"VB05_Upt3D","dN2VB05upy",   2,"x"
"VB05_Upt3D","dP1VB05upy",   3,"x"
"VB05_Upt3D","dP2VB05upy",   4,"x"
"VB05_Upt3D","dS1VB05upy",   5,"x"
"VB05_Upt3D","dS2VB05upy",   6,"x"
"VBGrowth06","dVB06     ",   1,"x"
"VBMort06  ","dMrtC1VB06",   1,"x"
"VBMort06  ","dMrtC3VB06",   2,"x"
"VBMort06  ","dMrtC4VB06",   3,"x"
"VBMort06  ","dMrtC2VB06",   4,"x"
"VBMort06  ","dMrtC5VB06",   5,"x"
"VB06_Mrt3W","dMC2VB06P1",   1,"x"
"VB06_Mrt3W","dMC2VB06P2",   2,"x"
"VB06_Mrt3W","dMC2VB06P3",   3,"x"
"VB06_Mrt3W","dMN2VB06P1",   4,"x"
"VB06_Mrt3W","dMN2VB06P2",   5,"x"
"VB06_Mrt3W","dMN2VB06P3",   6,"x"
"VB06_Mrt3W","dMP2VB06P1",   7,"x"
"VB06_Mrt3W","dMP2VB06P2",   8,"x"
"VB06_Mrt3W","dMP2VB06P3",   9,"x"
"VB06_Mrt3W","dMS2VB06P1",  10,"x"
"VB06_Mrt3W","dMS2VB06P2",  11,"x"
"VB06_Mrt3W","dMS2VB06P3",  12,"x"
"VB06_Mrt3W","dMC1VB06P5",  13,"x"
"VB06_Mrt3W","dMC3VB06P5",  14,"x"
"VB06_Mrt3W","dMN1VB06P5",  15,"x"
"VB06_Mrt3W","dMN3VB06P5",  16,"x"
"VB06_Mrt3W","dMP1VB06P5",  17,"x"
"VB06_Mrt3W","dMP3VB06P5",  18,"x"
"VB06_Mrt3W","dMS1VB06P5",  19,"x"
"VB06_Mrt3W","dMS3VB06P5",  20,"x"
"VB06_Mrt3S","dMC5VB06P1",   1,"x"
"VB06_Mrt3S","dMC5VB06P2",   2,"x"
"VB06_Mrt3S","dMC5VB06P3",   3,"x"
"VB06_Mrt3S","dMN5VB06P1",   4,"x"
"VB06_Mrt3S","dMN5VB06P2",   5,"x"
"VB06_Mrt3S","dMN5VB06P3",   6,"x"
"VB06_Mrt3S","dMP5VB06P1",   7,"x"
"VB06_Mrt3S","dMP5VB06P2",   8,"x"
"VB06_Mrt3S","dMP5VB06P3",   9,"x"
"VB06_Mrt3S","dMS5VB06P1",  10,"x"
"VB06_Mrt3S","dMS5VB06P2",  11,"x"
"VB06_Mrt3S","dMS5VB06P3",  12,"x"
"VB06_Mrt3S","dMC4VB06P5",  13,"x"
"VB06_Mrt3S","dMN4VB06P5",  14,"x"
"VB06_Mrt3S","dMP4VB06P5",  15,"x"
"VB06_Mrt3S","dMS4VB06P5",  16,"x"
"VB06_Upt3D","dN1VB06upy",   1,"x"
"VB06_Upt3D","dN2VB06upy",   2,"x"
"VB06_Upt3D","dP1VB06upy",   3,"x"
"VB06_Upt3D","dP2VB06upy",   4,"x"
"VB06_Upt3D","dS1VB06upy",   5,"x"
"VB06_Upt3D","dS2VB06upy",   6,"x"
"VBGrowth07","dVB07     ",   1,"x"
"VBMort07  ","dMrtC1VB07",   1,"x"
"VBMort07  ","dMrtC3VB07",   2,"x"
"VBMort07  ","dMrtC4VB07",   3,"x"
"VBMort07  ","dMrtC2VB07",   4,"x"
"VBMort07  ","dMrtC5VB07",   5,"x"
"VB07_Mrt3W","dMC2VB07P1",   1,"x"
"VB07_Mrt3W","dMC2VB07P2",   2,"x"
"VB07_Mrt3W","dMC2VB07P3",   3,"x"
"VB07_Mrt3W","dMN2VB07P1",   4,"x"
"VB07_Mrt3W","dMN2VB07P2",   5,"x"
"VB07_Mrt3W","dMN2VB07P3",   6,"x"
"VB07_Mrt3W","dMP2VB07P1",   7,"x"
"VB07_Mrt3W","dMP2VB07P2",   8,"x"
"VB07_Mrt3W","dMP2VB07P3",   9,"x"
"VB07_Mrt3W","dMS2VB07P1",  10,"x"
"VB07_Mrt3W","dMS2VB07P2",  11,"x"
"VB07_Mrt3W","dMS2VB07P3",  12,"x"
"VB07_Mrt3W","dMC1VB07P5",  13,"x"
"VB07_Mrt3W","dMC3VB07P5",  14,"x"
"VB07_Mrt3W","dMN1VB07P5",  15,"x"
"VB07_Mrt3W","dMN3VB07P5",  16,"x"
"VB07_Mrt3W","dMP1VB07P5",  17,"x"
"VB07_Mrt3W","dMP3VB07P5",  18,"x"
"VB07_Mrt3W","dMS1VB07P5",  19,"x"
"VB07_Mrt3W","dMS3VB07P5",  20,"x"
"VB07_Mrt3S","dMC5VB07P1",   1,"x"
"VB07_Mrt3S","dMC5VB07P2",   2,"x"
"VB07_Mrt3S","dMC5VB07P3",   3,"x"
"VB07_Mrt3S","dMN5VB07P1",   4,"x"
"VB07_Mrt3S","dMN5VB07P2",   5,"x"
"VB07_Mrt3S","dMN5VB07P3",   6,"x"
"VB07_Mrt3S","dMP5VB07P1",   7,"x"
"VB07_Mrt3S","dMP5VB07P2",   8,"x"
"VB07_Mrt3S","dMP5VB07P3",   9,"x"
"VB07_Mrt3S","dMS5VB07P1",  10,"x"
"VB07_Mrt3S","dMS5VB07P2",  11,"x"
"VB07_Mrt3S","dMS5VB07P3",  12,"x"
"VB07_Mrt3S","dMC4VB07P5",  13,"x"
"VB07_Mrt3S","dMN4VB07P5",  14,"x"
"VB07_Mrt3S","dMP4VB07P5",  15,"x"
"VB07_Mrt3S","dMS4VB07P5",  16,"x"
"VB07_Upt3D","dN1VB07upy",   1,"x"
"VB07_Upt3D","dN2VB07upy",   2,"x"
"VB07_Upt3D","dP1VB07upy",   3,"x"
"VB07_Upt3D","dP2VB07upy",   4,"x"
"VB07_Upt3D","dS1VB07upy",   5,"x"
"VB07_Upt3D","dS2VB07upy",   6,"x"
"VBGrowth08","dVB08     ",   1,"x"
"VBMort08  ","dMrtC1VB08",   1,"x"
"VBMort08  ","dMrtC3VB08",   2,"x"
"VBMort08  ","dMrtC4VB08",   3,"x"
"VBMort08  ","dMrtC2VB08",   4,"x"
"VBMort08  ","dMrtC5VB08",   5,"x"
"VB08_Mrt3W","dMC2VB08P1",   1,"x"
"VB08_Mrt3W","dMC2VB08P2",   2,"x"
"VB08_Mrt3W","dMC2VB08P3",   3,"x"
"VB08_Mrt3W","dMN2VB08P1",   4,"x"
"VB08_Mrt3W","dMN2VB08P2",   5,"x"
"VB08_Mrt3W","dMN2VB08P3",   6,"x"
"VB08_Mrt3W","dMP2VB08P1",   7,"x"
"VB08_Mrt3W","dMP2VB08P2",   8,"x"
"VB08_Mrt3W","dMP2VB08P3",   9,"x"
"VB08_Mrt3W","dMS2VB08P1",  10,"x"
"VB08_Mrt3W","dMS2VB08P2",  11,"x"
"VB08_Mrt3W","dMS2VB08P3",  12,"x"
"VB08_Mrt3W","dMC1VB08P5",  13,"x"
"VB08_Mrt3W","dMC3VB08P5",  14,"x"
"VB08_Mrt3W","dMN1VB08P5",  15,"x"
"VB08_Mrt3W","dMN3VB08P5",  16,"x"
"VB08_Mrt3W","dMP1VB08P5",  17,"x"
"VB08_Mrt3W","dMP3VB08P5",  18,"x"
"VB08_Mrt3W","dMS1VB08P5",  19,"x"
"VB08_Mrt3W","dMS3VB08P5",  20,"x"
"VB08_Mrt3S","dMC5VB08P1",   1,"x"
"VB08_Mrt3S","dMC5VB08P2",   2,"x"
"VB08_Mrt3S","dMC5VB08P3",   3,"x"
"VB08_Mrt3S","dMN5VB08P1",   4,"x"
"VB08_Mrt3S","dMN5VB08P2",   5,"x"
"VB08_Mrt3S","dMN5VB08P3",   6,"x"
"VB08_Mrt3S","dMP5VB08P1",   7,"x"
"VB08_Mrt3S","dMP5VB08P2",   8,"x"
"VB08_Mrt3S","dMP5VB08P3",   9,"x"
"VB08_Mrt3S","dMS5VB08P1",  10,"x"
"VB08_Mrt3S","dMS5VB08P2",  11,"x"
"VB08_Mrt3S","dMS5VB08P3",  12,"x"
"VB08_Mrt3S","dMC4VB08P5",  13,"x"
"VB08_Mrt3S","dMN4VB08P5",  14,"x"
"VB08_Mrt3S","dMP4VB08P5",  15,"x"
"VB08_Mrt3S","dMS4VB08P5",  16,"x"
"VB08_Upt3D","dN1VB08upy",   1,"x"
"VB08_Upt3D","dN2VB08upy",   2,"x"
"VB08_Upt3D","dP1VB08upy",   3,"x"
"VB08_Upt3D","dP2VB08upy",   4,"x"
"VB08_Upt3D","dS1VB08upy",   5,"x"
"VB08_Upt3D","dS2VB08upy",   6,"x"
"VBGrowth09","dVB09     ",   1,"x"
"VBMort09  ","dMrtC1VB09",   1,"x"
"VBMort09  ","dMrtC3VB09",   2,"x"
"VBMort09  ","dMrtC4VB09",   3,"x"
"VBMort09  ","dMrtC2VB09",   4,"x"
"VBMort09  ","dMrtC5VB09",   5,"x"
"VB09_Mrt3W","dMC2VB09P1",   1,"x"
"VB09_Mrt3W","dMC2VB09P2",   2,"x"
"VB09_Mrt3W","dMC2VB09P3",   3,"x"
"VB09_Mrt3W","dMN2VB09P1",   4,"x"
"VB09_Mrt3W","dMN2VB09P2",   5,"x"
"VB09_Mrt3W","dMN2VB09P3",   6,"x"
"VB09_Mrt3W","dMP2VB09P1",   7,"x"
"VB09_Mrt3W","dMP2VB09P2",   8,"x"
"VB09_Mrt3W","dMP2VB09P3",   9,"x"
"VB09_Mrt3W","dMS2VB09P1",  10,"x"
"VB09_Mrt3W","dMS2VB09P2",  11,"x"
"VB09_Mrt3W","dMS2VB09P3",  12,"x"
"VB09_Mrt3W","dMC1VB09P5",  13,"x"
"VB09_Mrt3W","dMC3VB09P5",  14,"x"
"VB09_Mrt3W","dMN1VB09P5",  15,"x"
"VB09_Mrt3W","dMN3VB09P5",  16,"x"
"VB09_Mrt3W","dMP1VB09P5",  17,"x"
"VB09_Mrt3W","dMP3VB09P5",  18,"x"
"VB09_Mrt3W","dMS1VB09P5",  19,"x"
"VB09_Mrt3W","dMS3VB09P5",  20,"x"
"VB09_Mrt3S","dMC5VB09P1",   1,"x"
"VB09_Mrt3S","dMC5VB09P2",   2,"x"
"VB09_Mrt3S","dMC5VB09P3",   3,"x"
"VB09_Mrt3S","dMN5VB09P1",   4,"x"
"VB09_Mrt3S","dMN5VB09P2",   5,"x"
"VB09_Mrt3S","dMN5VB09P3",   6,"x"
"VB09_Mrt3S","dMP5VB09P1",   7,"x"
"VB09_Mrt3S","dMP5VB09P2",   8,"x"
"VB09_Mrt3S","dMP5VB09P3",   9,"x"
"VB09_Mrt3S","dMS5VB09P1",  10,"x"
"VB09_Mrt3S","dMS5VB09P2",  11,"x"
"VB09_Mrt3S","dMS5VB09P3",  12,"x"
"VB09_Mrt3S","dMC4VB09P5",  13,"x"
"VB09_Mrt3S","dMN4VB09P5",  14,"x"
"VB09_Mrt3S","dMP4VB09P5",  15,"x"
"VB09_Mrt3S","dMS4VB09P5",  16,"x"
"VB09_Upt3D","dN1VB09upy",   1,"x"
"VB09_Upt3D","dN2VB09upy",   2,"x"
"VB09_Upt3D","dP1VB09upy",   3,"x"
"VB09_Upt3D","dP2VB09upy",   4,"x"
"VB09_Upt3D","dS1VB09upy",   5,"x"
"VB09_Upt3D","dS2VB09upy",   6,"x"
"MacroPhyt1","dGrowEM01 ",   1,"x"
"MacroPhyt1","dGrowSM01 ",   2,"x"
"MacroPhyt1","dDecayEM01",   3,"x"
"MacroPhyt1","dDecaySM01",   4,"x"
"MacroPhyt1","dCtEMtRH01",   5,"x"
"MacroPhyt1","dCtSMtRH01",   6,"x"
"MacroPhyt1","dCtRHtEM01",   7,"x"
"MacroPhyt1","dCtRHtSM01",   8,"x"
"MacroPhyt1","dNtEMtRH01",   9,"x"
"MacroPhyt1","dNtSMtRH01",  10,"x"
"MacroPhyt1","dNtRHtEM01",  11,"x"
"MacroPhyt1","dNtRHtSM01",  12,"x"
"MacroPhyt1","dPtEMtRH01",  13,"x"
"MacroPhyt1","dPtSMtRH01",  14,"x"
"MacroPhyt1","dPtRHtEM01",  15,"x"
"MacroPhyt1","dPtRHtSM01",  16,"x"
"MacroPhyt1","dNH4upEM01",  17,"x"
"MacroPhyt1","dNO3upEM01",  18,"x"
"MacroPhyt1","dPO4upEM01",  19,"x"
"MacroPhyt1","dNupSM01  ",  20,"x"
"MacroPhyt1","dPupSM01  ",  21,"x"
"MacroPhyt1","dPrPOC1M01",  22,"x"
"MacroPhyt1","dPrPOC2M01",  23,"x"
"MacroPhyt1","dPrPOC3M01",  24,"x"
"MacroPhyt1","dPrPON1M01",  25,"x"
"MacroPhyt1","dPrPON2M01",  26,"x"
"MacroPhyt1","dPrPON3M01",  27,"x"
"MacroPhyt1","dPrPOP1M01",  28,"x"
"MacroPhyt1","dPrPOP2M01",  29,"x"
"MacroPhyt1","dPrPOP3M01",  30,"x"
"MacroPhyt1","dSM01OXY  ",  31,"x"
"MacroPhyt1","dSM01CO2  ",  32,"x"
"SM01_Upt3D","dNH4upSM01",   1,"x"
"SM01_Upt3D","dNO3upSM01",   2,"x"
"SM01_Upt3D","dPO4upSM01",   3,"x"
"SM01_Upt3D","dCO2upSM01",   4,"x"
"SM01_Upt3D","dOXYprSM01",   5,"x"
"MacroPhyt2","dGrowEM02 ",   1,"x"
"MacroPhyt2","dGrowSM02 ",   2,"x"
"MacroPhyt2","dDecayEM02",   3,"x"
"MacroPhyt2","dDecaySM02",   4,"x"
"MacroPhyt2","dCtEMtRH02",   5,"x"
"MacroPhyt2","dCtSMtRH02",   6,"x"
"MacroPhyt2","dCtRHtEM02",   7,"x"
"MacroPhyt2","dCtRHtSM02",   8,"x"
"MacroPhyt2","dNtEMtRH02",   9,"x"
"MacroPhyt2","dNtSMtRH02",  10,"x"
"MacroPhyt2","dNtRHtEM02",  11,"x"
"MacroPhyt2","dNtRHtSM02",  12,"x"
"MacroPhyt2","dPtEMtRH02",  13,"x"
"MacroPhyt2","dPtSMtRH02",  14,"x"
"MacroPhyt2","dPtRHtEM02",  15,"x"
"MacroPhyt2","dPtRHtSM02",  16,"x"
"MacroPhyt2","dNH4upEM02",  17,"x"
"MacroPhyt2","dNO3upEM02",  18,"x"
"MacroPhyt2","dPO4upEM02",  19,"x"
"MacroPhyt2","dNupSM02  ",  20,"x"
"MacroPhyt2","dPupSM02  ",  21,"x"
"MacroPhyt2","dPrPOC1M02",  22,"x"
"MacroPhyt2","dPrPOC2M02",  23,"x"
"MacroPhyt2","dPrPOC3M02",  24,"x"
"MacroPhyt2","dPrPON1M02",  25,"x"
"MacroPhyt2","dPrPON2M02",  26,"x"
"MacroPhyt2","dPrPON3M02",  27,"x"
"MacroPhyt2","dPrPOP1M02",  28,"x"
"MacroPhyt2","dPrPOP2M02",  29,"x"
"MacroPhyt2","dPrPOP3M02",  30,"x"
"MacroPhyt2","dSM02OXY  ",  31,"x"
"MacroPhyt2","dSM02CO2  ",  32,"x"
"SM02_Upt3D","dNH4upSM02",   1,"x"
"SM02_Upt3D","dNO3upSM02",   2,"x"
"SM02_Upt3D","dPO4upSM02",   3,"x"
"SM02_Upt3D","dCO2upSM02",   4,"x"
"SM02_Upt3D","dOXYprSM02",   5,"x"
"MacroPhyt3","dGrowEM03 ",   1,"x"
"MacroPhyt3","dGrowSM03 ",   2,"x"
"MacroPhyt3","dDecayEM03",   3,"x"
"MacroPhyt3","dDecaySM03",   4,"x"
"MacroPhyt3","dCtEMtRH03",   5,"x"
"MacroPhyt3","dCtSMtRH03",   6,"x"
"MacroPhyt3","dCtRHtEM03",   7,"x"
"MacroPhyt3","dCtRHtSM03",   8,"x"
"MacroPhyt3","dNtEMtRH03",   9,"x"
"MacroPhyt3","dNtSMtRH03",  10,"x"
"MacroPhyt3","dNtRHtEM03",  11,"x"
"MacroPhyt3","dNtRHtSM03",  12,"x"
"MacroPhyt3","dPtEMtRH03",  13,"x"
"MacroPhyt3","dPtSMtRH03",  14,"x"
"MacroPhyt3","dPtRHtEM03",  15,"x"
"MacroPhyt3","dPtRHtSM03",  16,"x"
"MacroPhyt3","dNH4upEM03",  17,"x"
"MacroPhyt3","dNO3upEM03",  18,"x"
"MacroPhyt3","dPO4upEM03",  19,"x"
"MacroPhyt3","dNupSM03  ",  20,"x"
"MacroPhyt3","dPupSM03  ",  21,"x"
"MacroPhyt3","dPrPOC1M03",  22,"x"
"MacroPhyt3","dPrPOC2M03",  23,"x"
"MacroPhyt3","dPrPOC3M03",  24,"x"
"MacroPhyt3","dPrPON1M03",  25,"x"
"MacroPhyt3","dPrPON2M03",  26,"x"
"MacroPhyt3","dPrPON3M03",  27,"x"
"MacroPhyt3","dPrPOP1M03",  28,"x"
"MacroPhyt3","dPrPOP2M03",  29,"x"
"MacroPhyt3","dPrPOP3M03",  30,"x"
"MacroPhyt3","dSM03OXY  ",  31,"x"
"MacroPhyt3","dSM03CO2  ",  32,"x"
"SM03_Upt3D","dNH4upSM03",   1,"x"
"SM03_Upt3D","dNO3upSM03",   2,"x"
"SM03_Upt3D","dPO4upSM03",   3,"x"
"SM03_Upt3D","dCO2upSM03",   4,"x"
"SM03_Upt3D","dOXYprSM03",   5,"x"
"MacroPhyt4","dGrowEM04 ",   1,"x"
"MacroPhyt4","dGrowSM04 ",   2,"x"
"MacroPhyt4","dDecayEM04",   3,"x"
"MacroPhyt4","dDecaySM04",   4,"x"
"MacroPhyt4","dCtEMtRH04",   5,"x"
"MacroPhyt4","dCtSMtRH04",   6,"x"
"MacroPhyt4","dCtRHtEM04",   7,"x"
"MacroPhyt4","dCtRHtSM04",   8,"x"
"MacroPhyt4","dNtEMtRH04",   9,"x"
"MacroPhyt4","dNtSMtRH04",  10,"x"
"MacroPhyt4","dNtRHtEM04",  11,"x"
"MacroPhyt4","dNtRHtSM04",  12,"x"
"MacroPhyt4","dPtEMtRH04",  13,"x"
"MacroPhyt4","dPtSMtRH04",  14,"x"
"MacroPhyt4","dPtRHtEM04",  15,"x"
"MacroPhyt4","dPtRHtSM04",  16,"x"
"MacroPhyt4","dNH4upEM04",  17,"x"
"MacroPhyt4","dNO3upEM04",  18,"x"
"MacroPhyt4","dPO4upEM04",  19,"x"
"MacroPhyt4","dNupSM04  ",  20,"x"
"MacroPhyt4","dPupSM04  ",  21,"x"
"MacroPhyt4","dPrPOC1M04",  22,"x"
"MacroPhyt4","dPrPOC2M04",  23,"x"
"MacroPhyt4","dPrPOC3M04",  24,"x"
"MacroPhyt4","dPrPON1M04",  25,"x"
"MacroPhyt4","dPrPON2M04",  26,"x"
"MacroPhyt4","dPrPON3M04",  27,"x"
"MacroPhyt4","dPrPOP1M04",  28,"x"
"MacroPhyt4","dPrPOP2M04",  29,"x"
"MacroPhyt4","dPrPOP3M04",  30,"x"
"MacroPhyt4","dSM04OXY  ",  31,"x"
"MacroPhyt4","dSM04CO2  ",  32,"x"
"SM04_Upt3D","dNH4upSM04",   1,"x"
"SM04_Upt3D","dNO3upSM04",   2,"x"
"SM04_Upt3D","dPO4upSM04",   3,"x"
"SM04_Upt3D","dCO2upSM04",   4,"x"
"SM04_Upt3D","dOXYprSM04",   5,"x"
"MacroPhyt5","dGrowEM05 ",   1,"x"
"MacroPhyt5","dGrowSM05 ",   2,"x"
"MacroPhyt5","dDecayEM05",   3,"x"
"MacroPhyt5","dDecaySM05",   4,"x"
"MacroPhyt5","dCtEMtRH05",   5,"x"
"MacroPhyt5","dCtSMtRH05",   6,"x"
"MacroPhyt5","dCtRHtEM05",   7,"x"
"MacroPhyt5","dCtRHtSM05",   8,"x"
"MacroPhyt5","dNtEMtRH05",   9,"x"
"MacroPhyt5","dNtSMtRH05",  10,"x"
"MacroPhyt5","dNtRHtEM05",  11,"x"
"MacroPhyt5","dNtRHtSM05",  12,"x"
"MacroPhyt5","dPtEMtRH05",  13,"x"
"MacroPhyt5","dPtSMtRH05",  14,"x"
"MacroPhyt5","dPtRHtEM05",  15,"x"
"MacroPhyt5","dPtRHtSM05",  16,"x"
"MacroPhyt5","dNH4upEM05",  17,"x"
"MacroPhyt5","dNO3upEM05",  18,"x"
"MacroPhyt5","dPO4upEM05",  19,"x"
"MacroPhyt5","dNupSM05  ",  20,"x"
"MacroPhyt5","dPupSM05  ",  21,"x"
"MacroPhyt5","dPrPOC1M05",  22,"x"
"MacroPhyt5","dPrPOC2M05",  23,"x"
"MacroPhyt5","dPrPOC3M05",  24,"x"
"MacroPhyt5","dPrPON1M05",  25,"x"
"MacroPhyt5","dPrPON2M05",  26,"x"
"MacroPhyt5","dPrPON3M05",  27,"x"
"MacroPhyt5","dPrPOP1M05",  28,"x"
"MacroPhyt5","dPrPOP2M05",  29,"x"
"MacroPhyt5","dPrPOP3M05",  30,"x"
"MacroPhyt5","dSM05OXY  ",  31,"x"
"MacroPhyt5","dSM05CO2  ",  32,"x"
"SM05_Upt3D","dNH4upSM05",   1,"x"
"SM05_Upt3D","dNO3upSM05",   2,"x"
"SM05_Upt3D","dPO4upSM05",   3,"x"
"SM05_Upt3D","dCO2upSM05",   4,"x"
"SM05_Upt3D","dOXYprSM05",   5,"x"
"GRZMAC01  ","dGrazeEM01",   1,"x"
"GRZMAC01  ","dGrazeSM01",   2,"x"
"GRZMAC01  ","dGrazeRH01",   3,"x"
"GRZMAC01  ","dGrzNRH01 ",   4,"x"
"GRZMAC01  ","dGrzPRH01 ",   5,"x"
"GRZMACO2  ","dGrazeEM02",   1,"x"
"GRZMACO2  ","dGrazeSM02",   2,"x"
"GRZMACO2  ","dGrazeRH02",   3,"x"
"GRZMACO2  ","dGrzNRH02 ",   4,"x"
"GRZMACO2  ","dGrzPRH02 ",   5,"x"
"GRZMAC03  ","dGrazeEM03",   1,"x"
"GRZMAC03  ","dGrazeSM03",   2,"x"
"GRZMAC03  ","dGrazeRH03",   3,"x"
"GRZMAC03  ","dGrzNRH03 ",   4,"x"
"GRZMAC03  ","dGrzPRH03 ",   5,"x"
"GRZMAC04  ","dGrazeEM04",   1,"x"
"GRZMAC04  ","dGrazeSM04",   2,"x"
"GRZMAC04  ","dGrazeRH04",   3,"x"
"GRZMAC04  ","dGrzNRH04 ",   4,"x"
"GRZMAC04  ","dGrzPRH04 ",   5,"x"
"GRZMAC05  ","dGrazeEM05",   1,"x"
"GRZMAC05  ","dGrazeSM05",   2,"x"
"GRZMAC05  ","dGrazeRH05",   3,"x"
"GRZMAC05  ","dGrzNRH05 ",   4,"x"
"GRZMAC05  ","dGrzPRH05 ",   5,"x"
"HRVMAC01  ","dHrvEM01  ",   1,"x"
"HRVMAC01  ","dHrvSM01  ",   2,"x"
"HRVMAC01  ","dHrvRH01  ",   3,"x"
"HRVMAC01  ","dHrvNRH01 ",   4,"x"
"HRVMAC01  ","dHrvPRH01 ",   5,"x"
"HRVMACO2  ","dHrvEM02  ",   1,"x"
"HRVMACO2  ","dHrvSM02  ",   2,"x"
"HRVMACO2  ","dHrvRH02  ",   3,"x"
"HRVMACO2  ","dHrvNRH02 ",   4,"x"
"HRVMACO2  ","dHrvPRH02 ",   5,"x"
"HRVMAC03  ","dHrvEM03  ",   1,"x"
"HRVMAC03  ","dHrvSM03  ",   2,"x"
"HRVMAC03  ","dHrvRH03  ",   3,"x"
"HRVMAC03  ","dHrvNRH03 ",   4,"x"
"HRVMAC03  ","dHrvPRH03 ",   5,"x"
"HRVMAC04  ","dHrvEM04  ",   1,"x"
"HRVMAC04  ","dHrvSM04  ",   2,"x"
"HRVMAC04  ","dHrvRH04  ",   3,"x"
"HRVMAC04  ","dHrvNRH04 ",   4,"x"
"HRVMAC04  ","dHrvPRH04 ",   5,"x"
"HRVMAC05  ","dHrvEM05  ",   1,"x"
"HRVMAC05  ","dHrvSM05  ",   2,"x"
"HRVMAC05  ","dHrvRH05  ",   3,"x"
"HRVMAC05  ","dHrvNRH05 ",   4,"x"
"HRVMAC05  ","dHrvPRH05 ",   5,"x"
"DEBGRZ_M  ","dM_MortS1 ",   1,"x"
"DEBGRZ_M  ","dM_NMrtS1 ",   2,"x"
"DEBGRZ_M  ","dM_PMrtS1 ",   3,"x"
"DEBGRZ_M  ","dM_Mor    ",   4,"x"
"DEBGRZ_M  ","dM_NMrt   ",   5,"x"
"DEBGRZ_M  ","dM_PMrt   ",   6,"x"
"DEBGRZ_M  ","dM_Resp   ",   7,"x"
"DEBGRZ_M  ","dM_NRes   ",   8,"x"
"DEBGRZ_M  ","dM_PRes   ",   9,"x"
"DEBGRZ_M  ","dM_Def    ",  10,"x"
"DEBGRZ_M  ","dM_NDef   ",  11,"x"
"DEBGRZ_M  ","dM_PDef   ",  12,"x"
"DEBGRZ_M  ","dM_SiDef  ",  13,"x"
"DEBGRZ_M  ","dM_SpwDet ",  14,"x"
"DEBGRZ_M  ","dM_NSpDet ",  15,"x"
"DEBGRZ_M  ","dM_PSpDet ",  16,"x"
"DEBGRZ_M  ","dM_Vgr    ",  17,"x"
"DEBGRZ_M  ","dM_Vmor   ",  18,"x"
"DEBGRZ_M  ","dM_Ea     ",  19,"x"
"DEBGRZ_M  ","dM_Ec     ",  20,"x"
"DEBGRZ_M  ","dM_Emor   ",  21,"x"
"DEBGRZ_M  ","dM_Rgr    ",  22,"x"
"DEBGRZ_M  ","dM_Rmor   ",  23,"x"
"DEBGRZ_M  ","dM_Nind   ",  24,"x"
"DEBGRZ_M  ","dM_Mort   ",  25,"x"
"DEBGRZ_M  ","dM_POC1   ",  26,"x"
"DEBGRZ_M  ","dM_DetC   ",  27,"x"
"DEBGRZ_M  ","dM_DCS1   ",  28,"x"
"DEBGRZ_M  ","dM_PON1   ",  29,"x"
"DEBGRZ_M  ","dM_DetN   ",  30,"x"
"DEBGRZ_M  ","dM_DNS1   ",  31,"x"
"DEBGRZ_M  ","dM_POP    ",  32,"x"
"DEBGRZ_M  ","dM_DetP   ",  33,"x"
"DEBGRZ_M  ","dM_DPS1   ",  34,"x"
"DEBGRZ_M  ","dM_POSi   ",  35,"x"
"DEBGRZ_M  ","dM_DSi    ",  36,"x"
"DEBGRZ_M  ","dM_DSiS   ",  37,"x"
"DEBGRZ_M  ","dM_Grn    ",  38,"x"
"DEBGRZ_M  ","dM_Diat   ",  39,"x"
"DEBGRZ_M  ","dM_ALG01  ",  40,"x"
"DEBGRZ_M  ","dM_ALG02  ",  41,"x"
"DEBGRZ_M  ","dM_ALG03  ",  42,"x"
"DEBGRZ_M  ","dM_ALG04  ",  43,"x"
"DEBGRZ_M  ","dM_ALG05  ",  44,"x"
"DEBGRZ_M  ","dM_ALG06  ",  45,"x"
"DEBGRZ_M  ","dM_ALG07  ",  46,"x"
"DEBGRZ_M  ","dM_ALG08  ",  47,"x"
"DEBGRZ_M  ","dM_ALG09  ",  48,"x"
"DEBGRZ_M  ","dM_ALG10  ",  49,"x"
"DEBGRZ_M  ","dM_ALG11  ",  50,"x"
"DEBGRZ_M  ","dM_ALG12  ",  51,"x"
"DEBGRZ_M  ","dM_ALG13  ",  52,"x"
"DEBGRZ_M  ","dM_ALG14  ",  53,"x"
"DEBGRZ_M  ","dM_ALG15  ",  54,"x"
"DEBGRZ_M  ","dM_ALG16  ",  55,"x"
"DEBGRZ_M  ","dM_ALG17  ",  56,"x"
"DEBGRZ_M  ","dM_ALG18  ",  57,"x"
"DEBGRZ_M  ","dM_ALG19  ",  58,"x"
"DEBGRZ_M  ","dM_ALG20  ",  59,"x"
"DEBGRZ_M  ","dM_ALG21  ",  60,"x"
"DEBGRZ_M  ","dM_ALG22  ",  61,"x"
"DEBGRZ_M  ","dM_ALG23  ",  62,"x"
"DEBGRZ_M  ","dM_ALG24  ",  63,"x"
"DEBGRZ_M  ","dM_ALG25  ",  64,"x"
"DEBGRZ_M  ","dM_ALG26  ",  65,"x"
"DEBGRZ_M  ","dM_ALG27  ",  66,"x"
"DEBGRZ_M  ","dM_ALG28  ",  67,"x"
"DEBGRZ_M  ","dM_ALG29  ",  68,"x"
"DEBGRZ_M  ","dM_ALG30  ",  69,"x"
"DEBGRZ_M  ","dM_F1     ",  70,"x"
"DEBGRZ_M  ","dM_F2     ",  71,"x"
"DEBGRZ_M  ","dM_F3     ",  72,"x"
"DEBGRZ_M  ","dM_F4     ",  73,"x"
"DEBGRZ_M  ","dM_F5     ",  74,"x"
"DEBGRZ_M  ","dM_F6     ",  75,"x"
"DEBGRZ_M  ","dM_F7     ",  76,"x"
"DEBGRZ_M  ","dM_F8     ",  77,"x"
"DEBGRZ_Z  ","dZ_MortS1 ",   1,"x"
"DEBGRZ_Z  ","dZ_NMrtS1 ",   2,"x"
"DEBGRZ_Z  ","dZ_PMrtS1 ",   3,"x"
"DEBGRZ_Z  ","dZ_Mor    ",   4,"x"
"DEBGRZ_Z  ","dZ_NMrt   ",   5,"x"
"DEBGRZ_Z  ","dZ_PMrt   ",   6,"x"
"DEBGRZ_Z  ","dZ_Resp   ",   7,"x"
"DEBGRZ_Z  ","dZ_NRes   ",   8,"x"
"DEBGRZ_Z  ","dZ_PRes   ",   9,"x"
"DEBGRZ_Z  ","dZ_Def    ",  10,"x"
"DEBGRZ_Z  ","dZ_NDef   ",  11,"x"
"DEBGRZ_Z  ","dZ_PDef   ",  12,"x"
"DEBGRZ_Z  ","dZ_SiDef  ",  13,"x"
"DEBGRZ_Z  ","dZ_SpwDet ",  14,"x"
"DEBGRZ_Z  ","dZ_NSpDet ",  15,"x"
"DEBGRZ_Z  ","dZ_PSpDet ",  16,"x"
"DEBGRZ_Z  ","dZ_Vgr    ",  17,"x"
"DEBGRZ_Z  ","dZ_Vmor   ",  18,"x"
"DEBGRZ_Z  ","dZ_Ea     ",  19,"x"
"DEBGRZ_Z  ","dZ_Ec     ",  20,"x"
"DEBGRZ_Z  ","dZ_Emor   ",  21,"x"
"DEBGRZ_Z  ","dZ_Rgr    ",  22,"x"
"DEBGRZ_Z  ","dZ_Rmor   ",  23,"x"
"DEBGRZ_Z  ","dZ_Nind   ",  24,"x"
"DEBGRZ_Z  ","dZ_Mort   ",  25,"x"
"DEBGRZ_Z  ","dZ_POC1   ",  26,"x"
"DEBGRZ_Z  ","dZ_DetC   ",  27,"x"
"DEBGRZ_Z  ","dZ_DCS1   ",  28,"x"
"DEBGRZ_Z  ","dZ_PON1   ",  29,"x"
"DEBGRZ_Z  ","dZ_DetN   ",  30,"x"
"DEBGRZ_Z  ","dZ_DNS1   ",  31,"x"
"DEBGRZ_Z  ","dZ_POP    ",  32,"x"
"DEBGRZ_Z  ","dZ_DetP   ",  33,"x"
"DEBGRZ_Z  ","dZ_DPS1   ",  34,"x"
"DEBGRZ_Z  ","dZ_POSi   ",  35,"x"
"DEBGRZ_Z  ","dZ_DSi    ",  36,"x"
"DEBGRZ_Z  ","dZ_DSiS   ",  37,"x"
"DEBGRZ_Z  ","dZ_Grn    ",  38,"x"
"DEBGRZ_Z  ","dZ_Diat   ",  39,"x"
"DEBGRZ_Z  ","dZ_ALG01  ",  40,"x"
"DEBGRZ_Z  ","dZ_ALG02  ",  41,"x"
"DEBGRZ_Z  ","dZ_ALG03  ",  42,"x"
"DEBGRZ_Z  ","dZ_ALG04  ",  43,"x"
"DEBGRZ_Z  ","dZ_ALG05  ",  44,"x"
"DEBGRZ_Z  ","dZ_ALG06  ",  45,"x"
"DEBGRZ_Z  ","dZ_ALG07  ",  46,"x"
"DEBGRZ_Z  ","dZ_ALG08  ",  47,"x"
"DEBGRZ_Z  ","dZ_ALG09  ",  48,"x"
"DEBGRZ_Z  ","dZ_ALG10  ",  49,"x"
"DEBGRZ_Z  ","dZ_ALG11  ",  50,"x"
"DEBGRZ_Z  ","dZ_ALG12  ",  51,"x"
"DEBGRZ_Z  ","dZ_ALG13  ",  52,"x"
"DEBGRZ_Z  ","dZ_ALG14  ",  53,"x"
"DEBGRZ_Z  ","dZ_ALG15  ",  54,"x"
"DEBGRZ_Z  ","dZ_ALG16  ",  55,"x"
"DEBGRZ_Z  ","dZ_ALG17  ",  56,"x"
"DEBGRZ_Z  ","dZ_ALG18  ",  57,"x"
"DEBGRZ_Z  ","dZ_ALG19  ",  58,"x"
"DEBGRZ_Z  ","dZ_ALG20  ",  59,"x"
"DEBGRZ_Z  ","dZ_ALG21  ",  60,"x"
"DEBGRZ_Z  ","dZ_ALG22  ",  61,"x"
"DEBGRZ_Z  ","dZ_ALG23  ",  62,"x"
"DEBGRZ_Z  ","dZ_ALG24  ",  63,"x"
"DEBGRZ_Z  ","dZ_ALG25  ",  64,"x"
"DEBGRZ_Z  ","dZ_ALG26  ",  65,"x"
"DEBGRZ_Z  ","dZ_ALG27  ",  66,"x"
"DEBGRZ_Z  ","dZ_ALG28  ",  67,"x"
"DEBGRZ_Z  ","dZ_ALG29  ",  68,"x"
"DEBGRZ_Z  ","dZ_ALG30  ",  69,"x"
"DEBGRZ_Z  ","dZ_F1     ",  70,"x"
"DEBGRZ_Z  ","dZ_F2     ",  71,"x"
"DEBGRZ_Z  ","dZ_F3     ",  72,"x"
"DEBGRZ_Z  ","dZ_F4     ",  73,"x"
"DEBGRZ_Z  ","dZ_F5     ",  74,"x"
"DEBGRZ_Z  ","dZ_F6     ",  75,"x"
"DEBGRZ_Z  ","dZ_F7     ",  76,"x"
"DEBGRZ_Z  ","dZ_F8     ",  77,"x"
"DEBGRZ_G3 ","dG3_MortS1",   1,"x"
"DEBGRZ_G3 ","dG3_NMrtS1",   2,"x"
"DEBGRZ_G3 ","dG3_PMrtS1",   3,"x"
"DEBGRZ_G3 ","dG3_Mor   ",   4,"x"
"DEBGRZ_G3 ","dG3_NMrt  ",   5,"x"
"DEBGRZ_G3 ","dG3_PMrt  ",   6,"x"
"DEBGRZ_G3 ","dG3_Resp  ",   7,"x"
"DEBGRZ_G3 ","dG3_NRes  ",   8,"x"
"DEBGRZ_G3 ","dG3_PRes  ",   9,"x"
"DEBGRZ_G3 ","dG3_Def   ",  10,"x"
"DEBGRZ_G3 ","dG3_NDef  ",  11,"x"
"DEBGRZ_G3 ","dG3_PDef  ",  12,"x"
"DEBGRZ_G3 ","dG3_SiDef ",  13,"x"
"DEBGRZ_G3 ","dG3_SpwDet",  14,"x"
"DEBGRZ_G3 ","dG3_NSpDet",  15,"x"
"DEBGRZ_G3 ","dG3_PSpDet",  16,"x"
"DEBGRZ_G3 ","dG3_Vgr   ",  17,"x"
"DEBGRZ_G3 ","dG3_Vmor  ",  18,"x"
"DEBGRZ_G3 ","dG3_Ea    ",  19,"x"
"DEBGRZ_G3 ","dG3_Ec    ",  20,"x"
"DEBGRZ_G3 ","dG3_Emor  ",  21,"x"
"DEBGRZ_G3 ","dG3_Rgr   ",  22,"x"
"DEBGRZ_G3 ","dG3_Rmor  ",  23,"x"
"DEBGRZ_G3 ","dG3_Nind  ",  24,"x"
"DEBGRZ_G3 ","dG3_Mort  ",  25,"x"
"DEBGRZ_G3 ","dG3_POC1  ",  26,"x"
"DEBGRZ_G3 ","dG3_DetC  ",  27,"x"
"DEBGRZ_G3 ","dG3_DCS1  ",  28,"x"
"DEBGRZ_G3 ","dG3_PON1  ",  29,"x"
"DEBGRZ_G3 ","dG3_DetN  ",  30,"x"
"DEBGRZ_G3 ","dG3_DNS1  ",  31,"x"
"DEBGRZ_G3 ","dG3_POP   ",  32,"x"
"DEBGRZ_G3 ","dG3_DetP  ",  33,"x"
"DEBGRZ_G3 ","dG3_DPS1  ",  34,"x"
"DEBGRZ_G3 ","dG3_POSi  ",  35,"x"
"DEBGRZ_G3 ","dG3_DSi   ",  36,"x"
"DEBGRZ_G3 ","dG3_DSiS  ",  37,"x"
"DEBGRZ_G3 ","dG3_Grn   ",  38,"x"
"DEBGRZ_G3 ","dG3_Diat  ",  39,"x"
"DEBGRZ_G3 ","dG3_ALG01 ",  40,"x"
"DEBGRZ_G3 ","dG3_ALG02 ",  41,"x"
"DEBGRZ_G3 ","dG3_ALG03 ",  42,"x"
"DEBGRZ_G3 ","dG3_ALG04 ",  43,"x"
"DEBGRZ_G3 ","dG3_ALG05 ",  44,"x"
"DEBGRZ_G3 ","dG3_ALG06 ",  45,"x"
"DEBGRZ_G3 ","dG3_ALG07 ",  46,"x"
"DEBGRZ_G3 ","dG3_ALG08 ",  47,"x"
"DEBGRZ_G3 ","dG3_ALG09 ",  48,"x"
"DEBGRZ_G3 ","dG3_ALG10 ",  49,"x"
"DEBGRZ_G3 ","dG3_ALG11 ",  50,"x"
"DEBGRZ_G3 ","dG3_ALG12 ",  51,"x"
"DEBGRZ_G3 ","dG3_ALG13 ",  52,"x"
"DEBGRZ_G3 ","dG3_ALG14 ",  53,"x"
"DEBGRZ_G3 ","dG3_ALG15 ",  54,"x"
"DEBGRZ_G3 ","dG3_ALG16 ",  55,"x"
"DEBGRZ_G3 ","dG3_ALG17 ",  56,"x"
"DEBGRZ_G3 ","dG3_ALG18 ",  57,"x"
"DEBGRZ_G3 ","dG3_ALG19 ",  58,"x"
"DEBGRZ_G3 ","dG3_ALG20 ",  59,"x"
"DEBGRZ_G3 ","dG3_ALG21 ",  60,"x"
"DEBGRZ_G3 ","dG3_ALG22 ",  61,"x"
"DEBGRZ_G3 ","dG3_ALG23 ",  62,"x"
"DEBGRZ_G3 ","dG3_ALG24 ",  63,"x"
"DEBGRZ_G3 ","dG3_ALG25 ",  64,"x"
"DEBGRZ_G3 ","dG3_ALG26 ",  65,"x"
"DEBGRZ_G3 ","dG3_ALG27 ",  66,"x"
"DEBGRZ_G3 ","dG3_ALG28 ",  67,"x"
"DEBGRZ_G3 ","dG3_ALG29 ",  68,"x"
"DEBGRZ_G3 ","dG3_ALG30 ",  69,"x"
"DEBGRZ_G3 ","dG3_F1    ",  70,"x"
"DEBGRZ_G3 ","dG3_F2    ",  71,"x"
"DEBGRZ_G3 ","dG3_F3    ",  72,"x"
"DEBGRZ_G3 ","dG3_F4    ",  73,"x"
"DEBGRZ_G3 ","dG3_F5    ",  74,"x"
"DEBGRZ_G3 ","dG3_F6    ",  75,"x"
"DEBGRZ_G3 ","dG3_F7    ",  76,"x"
"DEBGRZ_G3 ","dG3_F8    ",  77,"x"
"DEBGRZ_G4 ","dG4_MortS1",   1,"x"
"DEBGRZ_G4 ","dG4_NMrtS1",   2,"x"
"DEBGRZ_G4 ","dG4_PMrtS1",   3,"x"
"DEBGRZ_G4 ","dG4_Mor   ",   4,"x"
"DEBGRZ_G4 ","dG4_NMrt  ",   5,"x"
"DEBGRZ_G4 ","dG4_PMrt  ",   6,"x"
"DEBGRZ_G4 ","dG4_Resp  ",   7,"x"
"DEBGRZ_G4 ","dG4_NRes  ",   8,"x"
"DEBGRZ_G4 ","dG4_PRes  ",   9,"x"
"DEBGRZ_G4 ","dG4_Def   ",  10,"x"
"DEBGRZ_G4 ","dG4_NDef  ",  11,"x"
"DEBGRZ_G4 ","dG4_PDef  ",  12,"x"
"DEBGRZ_G4 ","dG4_SiDef ",  13,"x"
"DEBGRZ_G4 ","dG4_SpwDet",  14,"x"
"DEBGRZ_G4 ","dG4_NSpDet",  15,"x"
"DEBGRZ_G4 ","dG4_PSpDet",  16,"x"
"DEBGRZ_G4 ","dG4_Vgr   ",  17,"x"
"DEBGRZ_G4 ","dG4_Vmor  ",  18,"x"
"DEBGRZ_G4 ","dG4_Ea    ",  19,"x"
"DEBGRZ_G4 ","dG4_Ec    ",  20,"x"
"DEBGRZ_G4 ","dG4_Emor  ",  21,"x"
"DEBGRZ_G4 ","dG4_Rgr   ",  22,"x"
"DEBGRZ_G4 ","dG4_Rmor  ",  23,"x"
"DEBGRZ_G4 ","dG4_Nind  ",  24,"x"
"DEBGRZ_G4 ","dG4_Mort  ",  25,"x"
"DEBGRZ_G4 ","dG4_POC1  ",  26,"x"
"DEBGRZ_G4 ","dG4_DetC  ",  27,"x"
"DEBGRZ_G4 ","dG4_DCS1  ",  28,"x"
"DEBGRZ_G4 ","dG4_PON1  ",  29,"x"
"DEBGRZ_G4 ","dG4_DetN  ",  30,"x"
"DEBGRZ_G4 ","dG4_DNS1  ",  31,"x"
"DEBGRZ_G4 ","dG4_POP   ",  32,"x"
"DEBGRZ_G4 ","dG4_DetP  ",  33,"x"
"DEBGRZ_G4 ","dG4_DPS1  ",  34,"x"
"DEBGRZ_G4 ","dG4_POSi  ",  35,"x"
"DEBGRZ_G4 ","dG4_DSi   ",  36,"x"
"DEBGRZ_G4 ","dG4_DSiS  ",  37,"x"
"DEBGRZ_G4 ","dG4_Grn   ",  38,"x"
"DEBGRZ_G4 ","dG4_Diat  ",  39,"x"
"DEBGRZ_G4 ","dG4_ALG01 ",  40,"x"
"DEBGRZ_G4 ","dG4_ALG02 ",  41,"x"
"DEBGRZ_G4 ","dG4_ALG03 ",  42,"x"
"DEBGRZ_G4 ","dG4_ALG04 ",  43,"x"
"DEBGRZ_G4 ","dG4_ALG05 ",  44,"x"
"DEBGRZ_G4 ","dG4_ALG06 ",  45,"x"
"DEBGRZ_G4 ","dG4_ALG07 ",  46,"x"
"DEBGRZ_G4 ","dG4_ALG08 ",  47,"x"
"DEBGRZ_G4 ","dG4_ALG09 ",  48,"x"
"DEBGRZ_G4 ","dG4_ALG10 ",  49,"x"
"DEBGRZ_G4 ","dG4_ALG11 ",  50,"x"
"DEBGRZ_G4 ","dG4_ALG12 ",  51,"x"
"DEBGRZ_G4 ","dG4_ALG13 ",  52,"x"
"DEBGRZ_G4 ","dG4_ALG14 ",  53,"x"
"DEBGRZ_G4 ","dG4_ALG15 ",  54,"x"
"DEBGRZ_G4 ","dG4_ALG16 ",  55,"x"
"DEBGRZ_G4 ","dG4_ALG17 ",  56,"x"
"DEBGRZ_G4 ","dG4_ALG18 ",  57,"x"
"DEBGRZ_G4 ","dG4_ALG19 ",  58,"x"
"DEBGRZ_G4 ","dG4_ALG20 ",  59,"x"
"DEBGRZ_G4 ","dG4_ALG21 ",  60,"x"
"DEBGRZ_G4 ","dG4_ALG22 ",  61,"x"
"DEBGRZ_G4 ","dG4_ALG23 ",  62,"x"
"DEBGRZ_G4 ","dG4_ALG24 ",  63,"x"
"DEBGRZ_G4 ","dG4_ALG25 ",  64,"x"
"DEBGRZ_G4 ","dG4_ALG26 ",  65,"x"
"DEBGRZ_G4 ","dG4_ALG27 ",  66,"x"
"DEBGRZ_G4 ","dG4_ALG28 ",  67,"x"
"DEBGRZ_G4 ","dG4_ALG29 ",  68,"x"
"DEBGRZ_G4 ","dG4_ALG30 ",  69,"x"
"DEBGRZ_G4 ","dG4_F1    ",  70,"x"
"DEBGRZ_G4 ","dG4_F2    ",  71,"x"
"DEBGRZ_G4 ","dG4_F3    ",  72,"x"
"DEBGRZ_G4 ","dG4_F4    ",  73,"x"
"DEBGRZ_G4 ","dG4_F5    ",  74,"x"
"DEBGRZ_G4 ","dG4_F6    ",  75,"x"
"DEBGRZ_G4 ","dG4_F7    ",  76,"x"
"DEBGRZ_G4 ","dG4_F8    ",  77,"x"
"DEBGRZ_G5 ","dG5_MortS1",   1,"x"
"DEBGRZ_G5 ","dG5_NMrtS1",   2,"x"
"DEBGRZ_G5 ","dG5_PMrtS1",   3,"x"
"DEBGRZ_G5 ","dG5_Mor   ",   4,"x"
"DEBGRZ_G5 ","dG5_NMrt  ",   5,"x"
"DEBGRZ_G5 ","dG5_PMrt  ",   6,"x"
"DEBGRZ_G5 ","dG5_Resp  ",   7,"x"
"DEBGRZ_G5 ","dG5_NRes  ",   8,"x"
"DEBGRZ_G5 ","dG5_PRes  ",   9,"x"
"DEBGRZ_G5 ","dG5_Def   ",  10,"x"
"DEBGRZ_G5 ","dG5_NDef  ",  11,"x"
"DEBGRZ_G5 ","dG5_PDef  ",  12,"x"
"DEBGRZ_G5 ","dG5_SiDef ",  13,"x"
"DEBGRZ_G5 ","dG5_SpwDet",  14,"x"
"DEBGRZ_G5 ","dG5_NSpDet",  15,"x"
"DEBGRZ_G5 ","dG5_PSpDet",  16,"x"
"DEBGRZ_G5 ","dG5_Vgr   ",  17,"x"
"DEBGRZ_G5 ","dG5_Vmor  ",  18,"x"
"DEBGRZ_G5 ","dG5_Ea    ",  19,"x"
"DEBGRZ_G5 ","dG5_Ec    ",  20,"x"
"DEBGRZ_G5 ","dG5_Emor  ",  21,"x"
"DEBGRZ_G5 ","dG5_Rgr   ",  22,"x"
"DEBGRZ_G5 ","dG5_Rmor  ",  23,"x"
"DEBGRZ_G5 ","dG5_Nind  ",  24,"x"
"DEBGRZ_G5 ","dG5_Mort  ",  25,"x"
"DEBGRZ_G5 ","dG5_POC1  ",  26,"x"
"DEBGRZ_G5 ","dG5_DetC  ",  27,"x"
"DEBGRZ_G5 ","dG5_DCS1  ",  28,"x"
"DEBGRZ_G5 ","dG5_PON1  ",  29,"x"
"DEBGRZ_G5 ","dG5_DetN  ",  30,"x"
"DEBGRZ_G5 ","dG5_DNS1  ",  31,"x"
"DEBGRZ_G5 ","dG5_POP   ",  32,"x"
"DEBGRZ_G5 ","dG5_DetP  ",  33,"x"
"DEBGRZ_G5 ","dG5_DPS1  ",  34,"x"
"DEBGRZ_G5 ","dG5_POSi  ",  35,"x"
"DEBGRZ_G5 ","dG5_DSi   ",  36,"x"
"DEBGRZ_G5 ","dG5_DSiS  ",  37,"x"
"DEBGRZ_G5 ","dG5_Grn   ",  38,"x"
"DEBGRZ_G5 ","dG5_Diat  ",  39,"x"
"DEBGRZ_G5 ","dG5_ALG01 ",  40,"x"
"DEBGRZ_G5 ","dG5_ALG02 ",  41,"x"
"DEBGRZ_G5 ","dG5_ALG03 ",  42,"x"
"DEBGRZ_G5 ","dG5_ALG04 ",  43,"x"
"DEBGRZ_G5 ","dG5_ALG05 ",  44,"x"
"DEBGRZ_G5 ","dG5_ALG06 ",  45,"x"
"DEBGRZ_G5 ","dG5_ALG07 ",  46,"x"
"DEBGRZ_G5 ","dG5_ALG08 ",  47,"x"
"DEBGRZ_G5 ","dG5_ALG09 ",  48,"x"
"DEBGRZ_G5 ","dG5_ALG10 ",  49,"x"
"DEBGRZ_G5 ","dG5_ALG11 ",  50,"x"
"DEBGRZ_G5 ","dG5_ALG12 ",  51,"x"
"DEBGRZ_G5 ","dG5_ALG13 ",  52,"x"
"DEBGRZ_G5 ","dG5_ALG14 ",  53,"x"
"DEBGRZ_G5 ","dG5_ALG15 ",  54,"x"
"DEBGRZ_G5 ","dG5_ALG16 ",  55,"x"
"DEBGRZ_G5 ","dG5_ALG17 ",  56,"x"
"DEBGRZ_G5 ","dG5_ALG18 ",  57,"x"
"DEBGRZ_G5 ","dG5_ALG19 ",  58,"x"
"DEBGRZ_G5 ","dG5_ALG20 ",  59,"x"
"DEBGRZ_G5 ","dG5_ALG21 ",  60,"x"
"DEBGRZ_G5 ","dG5_ALG22 ",  61,"x"
"DEBGRZ_G5 ","dG5_ALG23 ",  62,"x"
"DEBGRZ_G5 ","dG5_ALG24 ",  63,"x"
"DEBGRZ_G5 ","dG5_ALG25 ",  64,"x"
"DEBGRZ_G5 ","dG5_ALG26 ",  65,"x"
"DEBGRZ_G5 ","dG5_ALG27 ",  66,"x"
"DEBGRZ_G5 ","dG5_ALG28 ",  67,"x"
"DEBGRZ_G5 ","dG5_ALG29 ",  68,"x"
"DEBGRZ_G5 ","dG5_ALG30 ",  69,"x"
"DEBGRZ_G5 ","dG5_F1    ",  70,"x"
"DEBGRZ_G5 ","dG5_F2    ",  71,"x"
"DEBGRZ_G5 ","dG5_F3    ",  72,"x"
"DEBGRZ_G5 ","dG5_F4    ",  73,"x"
"DEBGRZ_G5 ","dG5_F5    ",  74,"x"
"DEBGRZ_G5 ","dG5_F6    ",  75,"x"
"DEBGRZ_G5 ","dG5_F7    ",  76,"x"
"DEBGRZ_G5 ","dG5_F8    ",  77,"x"
"Dredge    ","drdg*IM1S1",   1,"x"
"Dredge    ","drdg*IM2S1",   2,"x"
"Dredge    ","drdg*IM3S1",   3,"x"
"Dredge    ","drdg*IM1S2",   4,"x"
"Dredge    ","drdg*IM2S2",   5,"x"
"Dredge    ","drdg*IM3S2",   6,"x"
"Dredge    ","dump*IM1  ",   7,"x"
"Dredge    ","dump*IM2  ",   8,"x"
"Dredge    ","dump*IM3  ",   9,"x"
"IM_Floceq ","dFlocIM1  ",   1,"x"
"IM_Floceq ","dFlocIM2  ",   2,"x"
"IM_Floceq ","dFlocIM3  ",   3,"x"
"AtmDep_Sal","dAtmDepSal",   1,"x"
"AtmDep_Ecl","dAtmDepEcl",   1,"x"
"Cascade   ","dDecayC1  ",   1,"x"
"Cascade   ","dDecayC2  ",   2,"x"
"Cascade   ","dDecayC3  ",   3,"x"
"Cascade   ","dDecayC4  ",   4,"x"
"Cascade   ","dDecayC5  ",   5,"x"
"Cascade   ","dTransC1C2",   6,"x"
"Cascade   ","dTransC1C3",   7,"x"
"Cascade   ","dTransC1C4",   8,"x"
"Cascade   ","dTransC1C5",   9,"x"
"Cascade   ","dTransC2C3",  10,"x"
"Cascade   ","dTransC2C4",  11,"x"
"Cascade   ","dTransC2C5",  12,"x"
"Cascade   ","dTransC3C4",  13,"x"
"Cascade   ","dTransC3C5",  14,"x"
"Cascade   ","dTransC4C5",  15,"x"
"Decay1    ","dDecaydTR1",   1,"x"
"Decay2    ","dDecaydTR2",   1,"x"
"Decay3    ","dDecaydTR3",   1,"x"
"Decay4    ","dDecaydTR4",   1,"x"
"Decay5    ","dDecaydTR5",   1,"x"
